x	y
LLLDWYEE3K	69.574
IGEWTMGVV4K	56.501
LLLD2YQETK	47.852
NFSVGEA2LLEK	62.328
ALL2LATAK	54.468999999999994
ALL2LQYKK	44.3555
NNYFGEA2LLEK	59.6055
4VTHYSGPK	33.471
YVTH4SGPK	33.471
IGEPYKGVV4K	36.42
IGEKY3GVVYK	37.268
LVEQA4TRK	30.186
ALL2LPTQK	55.833999999999996
RWN2DDLNWSEK	51.775999999999996
LLLDCTFE3K	75.4285
RWN2DDLNEYMK	38.574
ALL2LVSKK	49.231
LLLDWS2ETK	67.461
ALL2LQYRK	45.596000000000004
QRPDLPY2QK	30.805999999999997
4EYCYSGPK	40.2205
YEYC4SGPK	40.2205
RWN2DDLNQSHK	31.881999999999998
ALL2LQYCK	57.956
IGEWTFGVV4K	73.4375
YKS4YSGPK	35.042500000000004
IGEDY2GVVYK	43.5975
ALL2LKYQK	43.11600000000001
ALLSL4YEK	61.588
ALL2LHSVK	47.63
ALL2LNYFK	68.676
YPY4YSGPK	47.7975
QRPDL2SAQK	26.405
IGEHSAGVV4K	34.321666666666665
IGEMTWGVV4K	66.41466666666668
RWN2DDLNEYPK	40.154
ALLSL4YFK	74.739
NFYEGEA2LLEK	56.207
ALL2LMYHK	55.104
ALL2LQTKK	43.0945
ALLSLVS2K	58.755
LLLDNTHE3K	39.705
QRPDLFY2QK	45.523
4FYHYSGPK	39.548
YFYH4SGPK	39.548
NQSPGEA2LLEK	44.445
ALL2LMYWK	69.858
YRS4YSGPK	35.278999999999996
NVYMGEA2LLEK	56.589
IGE2SHGVVYK	34.029
RWN2DDLNWYEK	52.543499999999995
NQY4GEASLLEK	51.894
NCY4GEASLLEK	54.716
LLLDFS4ETK	71.774
4FYDYSGPK	49.051500000000004
YFYD4SGPK	49.051500000000004
IGEQSPGVV4K	40.495999999999995
Y4TCYSGPK	45.38
NKSMGEA2LLEK	42.353
NDYFGEA2LLEK	60.954
NWSPGEA2LLEK	58.822
Y4YVYSGPK	48.174
ALL2LWTAK	73.90525000000001
ALL2LNTHK	36.324
RWN2DDLNDYFK	54.51625
RWNSDDLNKY2K	34.6125
NNYEGEA2LLEK	47.309
IGERTMGVV4K	33.611999999999995
N2SPGEASLLEK	34.611
RWN2DDLNEYMK	47.427
NFSRGEA2LLEK	46.472
LLLDVTCE3K	61.013
4ASHYSGPK	31.672666666666668
YASH4SGPK	31.672666666666668
NDSFGEA2LLEK	57.711999999999996
RWN2DDLNDYMK	39.025999999999996
ALL2LASQK	52.262
ALL2LFSPK	75.4135
LLLDPYWE3K	68.46585714285713
IGEHSPGVV4K	34.96275
LLLDQY4ETK	55.87949999999999
IGERYKGVV4K	31.266
RWNSDDLN2TRK	31.512500000000003
ALL2LRTDK	43.996
4KTHYSGPK	26.2225
YKTH4SGPK	26.2225
NRT4GEASLLEK	44.076
4MTHYSGPK	31.143
YMTH4SGPK	31.143
IGEHTAGVV4K	34.832499999999996
IGEHT4GVVYK	40.973
IGEFYQGVV4K	53.211000000000006
LLLDDYME3K	50.495
IGE4SDGVVYK	46.914500000000004
NWSNGEA2LLEK	56.86
LLLDNTWE3K	63.159
NQY2GEASLLEK	44.916000000000004
Y3SRYSGPK	31.298000000000002
LPD3YWVENK	55.093999999999994
ALL2LCSPK	57.926
NRSDGEA2LLEK	38.803000000000004
RWNSDDLN3YQK	40.095
IGEPSVGVV4K	49.133
NWSMGEA2LLEK	66.106
IGEWTPGVV4K	59.8935
IGEPSRGVV4K	35.996
RWNSDDLN2YEK	39.059
IGE4SCGVVYK	51.37049999999999
ALL2LPTKK	48.2115
NKTHGEA2LLEK	32.175
ALLSLHY4K	50.920500000000004
LLLDKY4ETK	47.909
RWN2DDLNNTPK	35.934
IGEVYRGVV4K	39.528
IGEHSKGVV4K	28.104000000000003
LLLDKSAE3K	38.725
LLLDDYPE3K	62.485
NDSHGEA2LLEK	38.382
LVEQA3YHK	26.976999999999997
LLLDPYFE3K	66.04
ALLSLWY4K	78.68311111111112
LLLDMSWE3K	74.33333333333334
LLLDCYWE3K	70.881
IGERSRGVV4K	29.27
RWN2DDLNWTHK	45.75733333333333
NWSHGEA2LLEK	48.7255
RWN2DDLNWYRK	46.51649999999999
LLLDNSAE3K	47.641999999999996
RWN2DDLNCYFK	54.619600000000005
ALL2LRSDK	43.888000000000005
IGEETDGVV4K	41.313
IGEPTPGVV4K	45.523
YHS2YSGPK	28.637999999999998
IGEWT4GVVYK	63.64875
4PYQYSGPK	40.57
YPYQ4SGPK	40.57
IGE3SNGVVYK	39.457
NVYNGEA2LLEK	47.633
RWNSDDLN4TKK	37.357
ALL2LNYAK	53.973
ALL2LHSMK	49.7575
NETHGEA2LLEK	38.0765
IGEQTPGVV4K	41.044
ALL2LRYHK	41.1296
ALLSLQY4K	60.7625
ALLSL2YNK	52.63
Y2TQYSGPK	34.034
ALLSLFS2K	73.557
LPDES2VENK	38.973
QRPDLWT4QK	48.63366666666666
IGEPSAGVV4K	43.76
NVY3GEASLLEK	49.261
RWN2DDLNKSAK	30.973
4FTKYSGPK	42.888999999999996
YFTK4SGPK	42.888999999999996
NQYWGEA2LLEK	61.00575
LVEQAVY2K	33.819
ALL2LHYAK	45.821666666666665
LVEQA4YYK	45.4555
LVEQAYY4K	45.4555
4DSFYSGPK	47.801
YDSF4SGPK	47.801
LLLDNSRE3K	39.66
IGEASCGVV4K	45.181000000000004
IGEHTHGVV4K	29.168000000000003
RWN2DDLNKTNK	30.463
RWN2DDLNRSWK	42.847
RWN2DDLNKYMK	43.395
LLLDKTFE3K	50.111000000000004
NNTPGEA2LLEK	46.123000000000005
4NYPYSGPK	38.349000000000004
YNYP4SGPK	38.349000000000004
RWNSDDLN4YEK	44.102
LLLDMYPE3K	81.635
N4YHGEASLLEK	42.01333333333334
ALL2LCSMK	65.81
LLLDDYEE3K	51.99133333333333
ALL2LMTQK	51.495
RWNSDDLN4YMK	50.403999999999996
NWSVGEA2LLEK	64.34933333333333
RWN2DDLNKTWK	41.6035
IGEQTEGVV4K	40.336999999999996
Y4SEYSGPK	43.793000000000006
4NSWYSGPK	50.51266666666667
YNSW4SGPK	50.51266666666667
RWNSDDLNHT2K	30.772
LLLDWYDE3K	70.28819999999999
N4YNGEASLLEK	49.788000000000004
LPD4SHVENK	38.65
NKTQGEA2LLEK	36.753
NFYPGEA2LLEK	57.588499999999996
N3YKGEASLLEK	37.637
IGEEY2GVVYK	42.823
IGERYVGVV4K	42.077
IGE2STGVVYK	39.933
IGESS3GVVYK	39.933
ALL2LNTRK	35.999
ALL2LWYMK	80.224
RWN2DDLNCYKK	35.443
IGE4SFGVVYK	62.798500000000004
IGEKTAGVV4K	35.06
LVEQA4SFK	50.092
4HYAYSGPK	33.2245
YHYA4SGPK	33.2245
NATMGEA2LLEK	56.906000000000006
N2SAGEASLLEK	43.817
ALL2LPYCK	63.2525
ALL2LKTPK	45.082
YNY4YSGPK	43.0725
ALLSLCY2K	59.324
NPTEGEA2LLEK	46.548
4FYNYSGPK	46.829499999999996
YFYN4SGPK	46.829499999999996
IGE4YCGVVYK	54.29500000000001
LLLDRTNE3K	39.398
RWN2DDLNDYQK	38.42
RWN2DDLNPSHK	34.385
RWN2DDLNQTVK	38.645
RWN2DDLNDYWK	54.21099999999999
4FSVYSGPK	57.12625
YFSV4SGPK	57.12625
NAYFGEA2LLEK	59.544
LLLDNY4ETK	55.821
RWN2DDLNQTPK	37.064
IGEES3GVVYK	41.39
IGEQYDGVV4K	42.797
4MTRYSGPK	37.125
YMTR4SGPK	37.125
ALL2LWSEK	72.83533333333334
NRYPGEA2LLEK	41.425
LLLDQSRE3K	39.582
ALLSL3YCK	59.773999999999994
ALLSLHT4K	48.517
4ASFYSGPK	49.971000000000004
YASF4SGPK	49.971000000000004
RWN2DDLNQSEK	35.757
N4SAGEASLLEK	50.375
IGEHYEGVV4K	38.046
4KSMYSGPK	29.5505
YKSM4SGPK	29.5505
NRTDGEA2LLEK	39.102
LLLDDYHE3K	43.5415
NMTRGEA2LLEK	37.444
NHYWGEA2LLEK	53.22833333333333
LLLDHYQE3K	40.984
RWN2DDLNMYCK	58.75150000000001
RWN2DDLNKTKK	27.3452
ALLSL3SYK	60.558
ALLSLTS4K	60.558
LLLDMYEE3K	58.6845
ALLSL4SPK	62.068000000000005
Y4SKYSGPK	36.357
LLLDKTAE3K	38.691
ALL2LWYEK	72.81774999999999
QRPDLHY4QK	31.565
LLLDKYQE3K	39.513
ALLSL4SVK	64.442
IGEFYKGVV4K	45.3545
LLLDDTHE3K	40.88849999999999
4EYNYSGPK	37.072500000000005
YEYN4SGPK	37.072500000000005
4RYHYSGPK	29.563000000000002
YRYH4SGPK	29.563000000000002
NWTKGEA2LLEK	48.799499999999995
LLLD3TRETK	42.443000000000005
ALL2LRSVK	48.789
ALL2LWYFK	85.59887499999999
LLLDEYQE3K	49.263000000000005
YMGHMVILDQ3K	33.546
N2YPGEASLLEK	47.113
ALL2LVYCK	66.7728
ALLSL2TPK	54.545
4VYHYSGPK	33.549
YVYH4SGPK	33.549
IGENYRGVV4K	37.077
LLLDDTVE3K	53.398999999999994
ALL2LWSPK	74.72485714285713
ALL2LDYCK	59.79975
RWN2DDLNEYNK	37.87
IGEVYNGVV4K	44.386
LLLDFYEE3K	67.679
IGE4YDGVVYK	48.683
IGEFT3GVVYK	55.714
ALLSL2YWK	71.2184
IGE3YHGVVYK	35.859
4RSEYSGPK	30.612
YRSE4SGPK	30.612
LLLDETCE3K	51.757
ALLSL4YRK	51.607
LLLD2SFETK	60.565
LLLD2TNETK	46.99
LLLDVSRE3K	48.2805
ALL2LETHK	46.1335
ALL2LKTFK	53.7285
4CSHYSGPK	33.411
YCSH4SGPK	33.411
LPD3YCVENK	40.735
QRPDL4SFQK	47.794
Y4GHMVILDQTK	38.598
RWN2DDLNRSHK	29.364666666666665
4WTFYSGPK	85.22399999999999
YWTF4SGPK	85.22399999999999
NPYWGEA2LLEK	63.10014285714286
LLLDPSKE3K	43.723
ALL2LCYWK	80.219
LLLD4SVETK	60.144
ALL2LWTVK	77.711
LPD2SPVENK	32.929500000000004
LVEQAKY4K	32.348
4KYNYSGPK	32.154666666666664
YKYN4SGPK	32.154666666666664
LPDHS2VENK	28.00725
LLLDPSPE3K	52.857
ALL2LVYFK	80.95
NWTRGEA2LLEK	49.30133333333333
NVSFGEA2LLEK	62.819500000000005
ALL2LETPK	56.0845
RWN2DDLNFYFK	63.308
ALL2LDYEK	55.301
LLLD2TEETK	48.038999999999994
ALL2LMYRK	54.348
4DYEYSGPK	39.639
YDYE4SGPK	39.639
IGEKTDGVV4K	33.801
IGERTHGVV4K	28.865
NPYQGEA2LLEK	45.787000000000006
IGEEYDGVV4K	44.245999999999995
ALLSLAT4K	59.696999999999996
Y2SYYSGPK	40.643
YSS4YSGPK	40.643
RWN2DDLNHTFK	39.758
YVY4YSGPK	46.385000000000005
NMY4GEASLLEK	56.946
ALL2LESRK	44.8915
4EYRYSGPK	33.454
YEYR4SGPK	33.454
IGEASQGVV4K	39.785
RWNSDDLN4YAK	44.602
LVEQAWS2K	43.4365
IGEASKGVV4K	33.917
NDYWGEA2LLEK	63.632000000000005
4WYRYSGPK	42.641999999999996
YWYR4SGPK	42.641999999999996
Y4SAYSGPK	42.812
IGE2TSGVVYK	38.941
IGEST2GVVYK	38.941
ALL2LCSCK	62.31825
LLLDWTRE3K	60.771
RWNSDDLNFS4K	55.559
NFS4GEASLLEK	61.645
ALLSLDS2K	53.13
ALLSLRT4K	49.275
ALL2LNYEK	53.181000000000004
LVEQA2YHK	26.043000000000003
NESEGEA2LLEK	35.341
ALL2LATCK	57.205
4WSMYSGPK	60.88399999999999
YWSM4SGPK	60.88399999999999
LLLDHS4ETK	45.208749999999995
LLLDPSNE3K	51.556000000000004
LLLDESDE3K	49.333
4HSKYSGPK	25.146500000000003
YHSK4SGPK	25.146500000000003
NFYDGEA2LLEK	57.143
NHYAGEA2LLEK	40.3715
ALLSLHT2K	33.677
4PYHYSGPK	33.9514
YPYH4SGPK	33.9514
LLLDQSWE3K	63.633
ALLSLWS2K	71.90599999999999
4HYWYSGPK	46.2836
YHYW4SGPK	46.2836
NPYPGEA2LLEK	48.7565
RWN2DDLNWTRK	45.682500000000005
ALL2LNTAK	51.578
QRPDL4SCQK	34.887
LLLDFYFE3K	92.556
ALLSLES4K	60.4885
ALL2LCYPK	62.282500000000006
ALL2LESDK	54.178
LLLDCY2ETK	53.701
ALLSL4SYK	65.395
ALLSLYS4K	65.395
LVEQAMY4K	37.635
4QYCYSGPK	39.116
YQYC4SGPK	39.116
4MTEYSGPK	45.453
YMTE4SGPK	45.453
QRPDL2TCQK	27.699
IGECYWGVV4K	65.45
IGE2YNGVVYK	40.283
4HTVYSGPK	32.31433333333334
YHTV4SGPK	32.31433333333334
LLLDFSAE3K	68.097
ALL2LKYRK	39.67533333333333
LLLDQYQE3K	47.33
ALL2LPSVK	63.57
IGEPYNGVV4K	42.566
IGEVYHGVV4K	38.436
NNYPGEA2LLEK	47.4
LLLDDTWE3K	65.348
4MTWYSGPK	51.321000000000005
YMTW4SGPK	51.321000000000005
RWN2DDLNDTWK	48.703
LLLDNSWE3K	63.242
RWN2DDLNDTKK	31.909000000000002
LLLDKYDE3K	41.56
LLLDKYRE3K	35.9295
4RSCYSGPK	31.7515
YRSC4SGPK	31.7515
ALL2LQTHK	44.358000000000004
LLLDDYRE3K	44.559
RWN2DDLNKYAK	36.865
4WYPYSGPK	54.767399999999995
YWYP4SGPK	54.767399999999995
4MYCYSGPK	45.178999999999995
YMYC4SGPK	45.178999999999995
LLLDKSNE3K	37.949999999999996
ALLSL3YWK	72.25066666666667
LLLDHY4ETK	49.537499999999994
RWN2DDLNVYKK	37.247
RWN2DDLNWYFK	63.99014285714286
LLLDHSKE3K	32.76025
LVEQAES2K	26.87
LVEQA3TQK	27.226
IGEPSHGVV4K	35.5965
RWNSDDLN4YWK	57.483799999999995
IGEKTPGVV4K	35.216499999999996
LVEQA4SYK	42.246
LVEQAYS4K	42.246
RWN2DDLNAYFK	53.637
NWSKGEA2LLEK	48.57900000000001
RWN2DDLNFYRK	44.762
RWN2DDLNPYQK	39.797
RWN2DDLNMYWK	52.223
RWN2DDLNWTQK	51.293499999999995
ALL2LMYHK	46.903000000000006
4HYPYSGPK	33.34766666666666
YHYP4SGPK	33.34766666666666
LLLDRY4ETK	48.658500000000004
4FSRYSGPK	44.47
YFSR4SGPK	44.47
NRYEGEA2LLEK	40.455333333333336
ALL2LQSRK	43.2525
LLLDNYHE3K	41.424
RWN2DDLNAYPK	40.458
NRSHGEA2LLEK	32.3215
4HSRYSGPK	25.838
YHSR4SGPK	25.838
LLLD2SQETK	46.492
RWN2DDLNWTMK	58.8385
ALL2LQYFK	68.64800000000001
Y4YWYSGPK	60.40349999999999
LLLDMYHE3K	50.781499999999994
LPD4SVVENK	49.331
ALL2LHSWK	56.713
ALL2LRYQK	44.091
ALL2LKYMK	52.746
IGEATRGVV4K	34.698
4RTCYSGPK	31.904000000000003
YRTC4SGPK	31.904000000000003
LPDFT2VENK	57.552
NFS3GEASLLEK	56.008
LLLD2YKETK	40.724000000000004
IGE2YEGVVYK	43.338
ALLSL4TQK	59.653
RWN2DDLNMSFK	56.151
NFYKGEA2LLEK	45.032
IGEAT2GVVYK	40.096
IGEQTWGVV4K	57.5615
IGEASHGVV4K	34.079
LLLDQYFE3K	64.065
IGEESKGVV4K	34.156
RWN2DDLNHYEK	36.169000000000004
ALL2LWYMK	71.594
LLLDRTFE3K	50.9735
NMYRGEA2LLEK	42.358999999999995
4QTWYSGPK	50.56100000000001
YQTW4SGPK	50.56100000000001
N4YWGEASLLEK	67.08916666666666
4PYRYSGPK	34.853
YPYR4SGPK	34.853
IGEFTWGVV4K	72.3505
RWN2DDLNHYRK	33.13
RWN2DDLNMTRK	32.419000000000004
4ASPYSGPK	36.395
YASP4SGPK	36.395
QRPDL2YHQK	26.536250000000003
ALL2LVYNK	60.273999999999994
LLLD4THETK	48.49100000000001
QRPDLQY4QK	35.891
IGEFYEGVV4K	55.97650000000001
ALL2LCYDK	60.821
LLLDEYDE3K	51.316
RWN2DDLNDTCK	38.222
RWN2DDLNQYKK	33.236666666666665
Y4YCYSGPK	45.365
IGECY4GVVYK	53.981
ALL2LPSDK	56.048
4WSHYSGPK	44.621
YWSH4SGPK	44.621
IGEKT3GVVYK	34.19
RWN2DDLNAYKK	34.069
RWN2DDLNATKK	32.2005
ALL2LHSMK	42.43
RWN2DDLNFYKK	43.577
LLLDCTRE3K	46.349500000000006
RWNSDDLN2YKK	33.194
IGEEYPGVV4K	44.757666666666665
LLLDDS3ETK	49.511
QRPDL2SPQK	27.123333333333335
NEYWGEA2LLEK	62.509
RWN2DDLNKSHK	28.149285714285718
4DYCYSGPK	40.885999999999996
YDYC4SGPK	40.885999999999996
IGEQYHGVV4K	35.2765
NHYEGEA2LLEK	41.1205
RWN2DDLNCYPK	43.306999999999995
NVT2GEASLLEK	47.818000000000005
ALLSLMY4K	70.5045
LPDFY4VENK	60.0675
NKYNGEA2LLEK	38.09
LLLD2SRETK	40.036500000000004
NVSRGEA2LLEK	40.712
4MSMYSGPK	51.332
YMSM4SGPK	51.332
IGEFSVGVV4K	62.3805
ALL2LQYMK	52.435
ALL2LCSVK	63.585
QRPDLDS2QK	25.89
LLLDDYDE3K	52.2545
ALL2LKSRK	37.72525
NWYHGEA2LLEK	49.494
LLLD4SRETK	47.786
IGEETHGVV4K	34.2325
IGEHTEGVV4K	34.632666666666665
ALL2LASPK	55.168
LLLDMSKE3K	49.8
RWN2DDLNNSWK	47.383
N4TVGEASLLEK	55.765
LVEQAHY4K	32.7535
4VYFYSGPK	54.688250000000004
YVYF4SGPK	54.688250000000004
ALL2LVYAK	62.777
IGE4TWGVVYK	64.8755
IGEEYKGVV4K	36.251000000000005
LLLDWSNE3K	66.657
LLLDWTQE3K	69.04533333333333
NPSEGEA2LLEK	46.301
QRPDLKY4QK	31.273000000000003
IGEQYRGVV4K	36.6015
ALL2LMSKK	39.184
ALL2LQTAK	51.835
IGEWSNGVV4K	54.65233333333334
RWN2DDLNRSFK	40.27
IGE4YMGVVYK	57.69
SDGHMVILDQ3K	34.747
4AYKYSGPK	32.43
YAYK4SGPK	32.43
IGENSPGVV4K	40.556
RWN2DDLNVTRK	39.946999999999996
4DYWYSGPK	55.24266666666667
YDYW4SGPK	55.24266666666667
ALL2LPYPK	62.2765
LLLDNTCE3K	49.673
IGEFYPGVV4K	58.350666666666676
IGEFY2GVVYK	54.3095
4PSWYSGPK	56.414
YPSW4SGPK	56.414
LLLDAYDE3K	51.751999999999995
4CYHYSGPK	33.879
YCYH4SGPK	33.879
NFYAGEA2LLEK	56.643
RWN2DDLNHSNK	30.661499999999997
IGEKTCGVV4K	37.7065
IGEPSPGVV4K	44.9325
IGENSHGVV4K	33.666
YES4YSGPK	42.305
LVEQACS4K	38.020999999999994
LLLDMTWE3K	75.27499999999999
NMYHGEA2LLEK	41.679500000000004
LLLDRTPE3K	41.702
ALL2LETKK	44.662
ALLSLHS3K	34.167500000000004
IGEDY3GVVYK	45.385
TEGHMVILDQ3K	33.229
ALL2LVYPK	63.63
IGE4SKGVVYK	39.333
LLLDHSPE3K	40.524
N4SYGEASLLEK	56.173
NYS4GEASLLEK	56.173
LLLDVTHE3K	48.64
LLLDHYME3K	41.879000000000005
QRPDLEY2QK	28.865000000000002
RWN2DDLNWTPK	53.908
ALLSL4TKK	50.246
Y3SHYSGPK	30.524
NKS3GEASLLEK	37.06
4EYQYSGPK	37.518
YEYQ4SGPK	37.518
4RTAYSGPK	30.256
YRTA4SGPK	30.256
LLLDWS3ETK	67.791
QRPDLDY2QK	28.916999999999998
NRSNGEA2LLEK	37.147
LLLDNYDE3K	49.718
QRPDL2YCQK	32.375
ALL2LWTMK	79.89066666666668
LVEQA4YRK	32.595
YHY4YSGPK	37.813500000000005
LLLDKSFE3K	50.379999999999995
4RTMYSGPK	30.199499999999997
YRTM4SGPK	30.199499999999997
IGEHTCGVV4K	37.416
IGEQTVGVV4K	46.306000000000004
LLLDMSHE3K	49.11150000000001
4HSCYSGPK	32.048
YHSC4SGPK	32.048
4RSPYSGPK	31.012999999999998
YRSP4SGPK	31.012999999999998
LLLD2SAETK	48.0475
4VSPYSGPK	38.305
YVSP4SGPK	38.305
RWN2DDLNASKK	31.884499999999996
RWN2DDLNCTHK	34.77
ALLSLNS2K	50.598
RWN2DDLNFYEK	50.7405
IGEESHGVV4K	34.352000000000004
RWNSDDLN4SWK	55.540000000000006
ALL2LEYPK	58.312333333333335
4WTAYSGPK	54.331
YWTA4SGPK	54.331
4FYEYSGPK	48.023999999999994
YFYE4SGPK	48.023999999999994
LLLDKTQE3K	37.724000000000004
ALL2LCYFK	75.2638
RWN2DDLNNTHK	31.121
LLLDHY3ETK	44.047
ALL2LEYEK	56.085
ALL2LRYDK	46.406000000000006
RWN2DDLNQTWK	47.527
RWN2DDLNMYDK	44.873000000000005
RWN2DDLNVYVK	49.196999999999996
4ATRYSGPK	32.18833333333333
YATR4SGPK	32.18833333333333
LLLDPYHE3K	45.141999999999996
IGEFTPGVV4K	57.554
NQY3GEASLLEK	46.008
ALL2LPSPK	59.3875
ALLSLFY2K	73.704
ALL2LEYKK	46.209333333333326
LLLDKYNE3K	39.61
N4SFGEASLLEK	63.93
4ATMYSGPK	49.498999999999995
YATM4SGPK	49.498999999999995
N4YEGEASLLEK	51.51433333333333
4AYFYSGPK	50.475666666666676
YAYF4SGPK	50.475666666666676
IGEPTEGVV4K	43.841
IGEVTMGVV4K	56.013000000000005
ALL2LFTQK	74.15466666666667
ALLSLRY4K	51.791000000000004
LLLDHT2ETK	38.8065
RWN2DDLNESWK	49.13
IGENYKGVV4K	35.6015
IGEDSAGVV4K	41.323
ALL2LMYCK	57.765
IGEDYPGVV4K	45.071999999999996
ALL2LETWK	68.61824999999999
LLLDET2ETK	49.282
LLLDVYKE3K	48.695
IGEVY4GVVYK	55.157
RWN2DDLNQTHK	32.006
4RYWYSGPK	46.42
YRYW4SGPK	46.42
RWNSDDLNVY4K	49.12
ALL2LESVK	59.353
QRPDL4YFQK	49.176
NWT4GEASLLEK	64.3745
ALL2LCTPK	60.604
RWN2DDLNATHK	32.725
RWN2DDLNFYMK	49.825
4HYQYSGPK	32.928000000000004
YHYQ4SGPK	32.928000000000004
ALL2LPSAK	57.417
LLLDHYNE3K	41.023999999999994
LLLD2STETK	47.501999999999995
LLLDSS3ETK	47.501999999999995
LPD2TNVENK	34.925
ALL2LCSDK	58.20399999999999
ALLSL3TRK	45.545
LPDHT4VENK	33.381
IGEWYPGVV4K	61.1108
RWN2DDLNRYVK	42.003
4FSCYSGPK	56.18
YFSC4SGPK	56.18
RWN2DDLNQYDK	38.8
4WYEYSGPK	51.50199999999999
YWYE4SGPK	51.50199999999999
IGEDTFGVV4K	56.318000000000005
RWN2DDLNWYQK	51.422333333333334
4WYAYSGPK	51.83733333333333
YWYA4SGPK	51.83733333333333
LLLD2TWETK	63.715
IGE2SCGVVYK	43.348
IGE2TQGVVYK	38.921
ALL2LHYRK	40.2405
4PYCYSGPK	44.12
YPYC4SGPK	44.12
IGEWYQGVV4K	57.042500000000004
LLLD4SHETK	46.53
IGEHY2GVVYK	36.301
4ETQYSGPK	35.650999999999996
YETQ4SGPK	35.650999999999996
LLLDRSRE3K	34.4235
RWN2DDLNDSKK	31.476
ALL2LVSHK	50.1165
RWN2DDLNFSVK	55.427499999999995
ALL2LATRK	45.923500000000004
4KSVYSGPK	33.143
YKSV4SGPK	33.143
NKSDGEA2LLEK	38.111999999999995
IGEFSRGVV4K	45.782
NHSWGEA2LLEK	50.923
SDGHMVILDQ3K	43.551
IGEQY4GVVYK	50.4185
LLLDEYWE3K	67.32566666666666
RWN2DDLNNTDK	35.279
RWNSDDLNHY2K	35.14766666666667
ALL2LVSEK	60.115
RWN2DDLNKTHK	28.15733333333333
ALLSL4YCK	65.2718
NWYWGEA2LLEK	74.88085714285714
IGE2TEGVVYK	40.523
4QYFYSGPK	48.8045
YQYF4SGPK	48.8045
ALL2LRSCK	47.7568
LPD2SCVENK	38.419000000000004
LLLDMYDE3K	60.45399999999999
ALL2LVYWK	79.92099999999999
IGEMSWGVV4K	66.48833333333333
RWN2DDLNHYVK	42.604
4RYQYSGPK	33.0015
YRYQ4SGPK	33.0015
4MSHYSGPK	37.83
YMSH4SGPK	37.83
RWN2DDLNKSWK	42.056333333333335
LLLDKSME3K	37.856
ALL2LMYNK	62.861000000000004
4PYKYSGPK	33.951
YPYK4SGPK	33.951
4HTEYSGPK	30.060499999999998
YHTE4SGPK	30.060499999999998
ALL2LESKK	42.898
LPDHT2VENK	28.1625
RWN2DDLNHTMK	35.399
LLLDFSNE3K	65.69
RWN2DDLNHTVK	34.1195
YDGHMVILDQ3K	35.445
LVEQA2YVK	34.428
LLLDASEE3K	49.823
LLLDKYHE3K	35.147444444444446
LLLDMSME3K	56.943000000000005
LLLDRTAE3K	40.256
4ASKYSGPK	32.289
YASK4SGPK	32.289
IGEDSNGVV4K	39.533
N2SEGEASLLEK	44.577
SFGHMVILDQ3K	44.125
4ESPYSGPK	35.891999999999996
YESP4SGPK	35.891999999999996
RWN2DDLNKSKK	27.128125000000004
NQYFGEA2LLEK	57.818999999999996
RWN2DDLNHYMK	44.218999999999994
ALL2LNYMK	61.873999999999995
LVEQA3SDK	27.543000000000003
ALL2LAYQK	54.263999999999996
LPDWY4VENK	61.0465
RWN2DDLNFSWK	64.241
ALLSLVY4K	68.071
IGEMSWGVV4K	58.27
NPYDGEA2LLEK	48.026999999999994
LVEQAAY4K	39.075
ALL2LWTQK	72.80250000000001
IGEDYHGVV4K	37.335
NFYWGEA2LLEK	72.296
4PYDYSGPK	40.46883333333334
YPYD4SGPK	40.46883333333334
ALL2LQYNK	52.1365
NATKGEA2LLEK	37.001999999999995
IGEQSKGVV4K	32.613
NHSHGEA2LLEK	31.724333333333334
ALL2LASWK	70.935
LLLDHYME3K	51.62649999999999
RWN2DDLNDYAK	40.973
NPSQGEA2LLEK	44.768
LLLDQTWE3K	63.07066666666666
ALL2LDYVK	61.577
RWN2DDLNCTWK	52.824
LLLDASNE3K	48.645
T3GHMVILDQTK	42.01
NWYNGEA2LLEK	60.136
ALLSLDY4K	62.4745
4FTEYSGPK	53.919
YFTE4SGPK	53.919
LLLDFYPE3K	69.257
IGEHSVGVV4K	39.098
RWN2DDLNKTVK	33.775999999999996
N2SSGEASLLEK	43.238
NSS2GEASLLEK	43.238
ALL2LEYMK	65.19149999999999
RWNSDDLNHS3K	31.192
QRPDL4YEQK	34.29
ALLSL3YYK	62.31100000000001
ALLSLTY4K	62.31100000000001
ALL2LVYQK	60.44466666666667
RWN2DDLNFYQK	49.504
LPD2SFVENK	47.486999999999995
RWN2DDLNCTPK	41.474
NKTPGEA2LLEK	38.897999999999996
NKSAGEA2LLEK	37.111999999999995
IGERTRGVV4K	29.494666666666664
NMSRGEA2LLEK	42.191
IGEQTHGVV4K	33.105333333333334
ALL2LCTDK	55.64
NPSDGEA2LLEK	46.653999999999996
ALL2LHYPK	49.086333333333336
ALL2LWTRK	62.21125
ALL2LDSHK	45.721500000000006
IGERTAGVV4K	35.58
N4SWGEASLLEK	66.04899999999999
ALL2LEYDK	56.115
LLLD2SSETK	47.12
LLLDSS2ETK	47.12
LPD2YHVENK	31.695999999999998
RWN2DDLNMSEK	36.485
LLLDRT4ETK	45.498000000000005
IGEHYMGVV4K	36.070499999999996
ALL2LRYFK	59.1265
LLLDQYEE3K	48.977
IGENYFGVV4K	58.556999999999995
ALL2LHTPK	45.0604
NHYMGEA2LLEK	39.684
NHTFGEA2LLEK	49.381
LLLDQYME3K	47.7
IGEWTKGVV4K	48.387
NMYEGEA2LLEK	51.305499999999995
NVT3GEASLLEK	48.788000000000004
ALL2LMTCK	66.2585
4HYVYSGPK	35.72433333333334
YHYV4SGPK	35.72433333333334
RWN2DDLNPTRK	34.868
IGENTCGVV4K	43.31
ALL2LKYDK	45.051500000000004
IGEWY3GVVYK	59.316500000000005
LLLDQYVE3K	54.566500000000005
IGEKYVGVV4K	41.56
IGERTFGVV4K	47.568999999999996
NFT4GEASLLEK	61.926
RWNSDDLNRY4K	41.468999999999994
LLLDHSFE3K	50.692499999999995
IGENS4GVVYK	47.398999999999994
LLLDCTHE3K	45.59133333333333
LLLDQS2ETK	46.754
LVEQA4YWK	56.06775
NWYDGEA2LLEK	63.815250000000006
NES4GEASLLEK	51.635000000000005
RWN2DDLNDYEK	40.436
LVEQA2TPK	28.765
IGEHT2GVVYK	32.681
NWYKGEA2LLEK	48.60666666666666
LLLDESPE3K	50.459999999999994
ALL2LHSRK	37.43000000000001
LLLDQYPE3K	49.751000000000005
ALLSL4THK	51.211000000000006
NPYKGEA2LLEK	38.04466666666667
ALL2LPTHK	49.182599999999994
Y2YKYSGPK	32.846500000000006
LLLDHTHE3K	33.831500000000005
NKYAGEA2LLEK	39.488
4QTRYSGPK	30.96
YQTR4SGPK	30.96
ALL2LDSMK	52.886
LLLDQTKE3K	39.202
4RYRYSGPK	30.21
YRYR4SGPK	30.21
ALLSL2SFK	66.0915
LLLDNTKE3K	39.15
LVEQA3TEK	28.199
IGEWSPGVV4K	59.1075
ALL2LWSQK	71.08749999999999
LLLDQTEE3K	47.735
4KTCYSGPK	31.26
YKTC4SGPK	31.26
RWN2DDLNHTNK	30.677999999999997
LLLDDT4ETK	55.286
ALL2LRTQK	43.316333333333326
LPD2YFVENK	50.687
IGE2TKGVVYK	33.488
RWN2DDLNFTPK	56.63
ALL2LCTEK	58.7715
ALL2LAYEK	56.195
LLLDWTFE3K	80.5495
IGEMTEGVV4K	49.105
LVEQAFY4K	54.274
LLLDEYRE3K	43.857
LLLDCTEE3K	55.025999999999996
LLLDKTRE3K	33.24250000000001
IGEDSWGVV4K	59.3815
NHYFGEA2LLEK	50.782
RWN2DDLNQTQK	35.24
IGEVSMGVV4K	44.766000000000005
4HSVYSGPK	32.597
YHSV4SGPK	32.597
LLLDASPE3K	51.084
ALL2LDSRK	44.969
IGEKSCGVV4K	36.926
RWN2DDLNRYNK	34.257999999999996
LPDFS2VENK	55.9085
NWT2GEASLLEK	58.068000000000005
LLLDFTAE3K	69.74600000000001
ALL2LCYNK	58.47533333333333
LLLDCSKE3K	45.165
QRPDL4YYQK	41.357
QRPDLYY4QK	41.357
ALL2LVTQK	60.346000000000004
IGERTQGVV4K	33.108000000000004
IGEHTMGVV4K	33.255
IGEKYCGVV4K	39.78
ALLSL2SQK	50.977
ALL2LEYRK	47.090500000000006
LLLDNYRE3K	42.257
ALLSLQS4K	58.351000000000006
IGEKTWGVV4K	49.437999999999995
LPDNS4VENK	39.894
RWN2DDLNWYDK	53.1435
4VSHYSGPK	33.16
YVSH4SGPK	33.16
4KYRYSGPK	29.572000000000003
YKYR4SGPK	29.572000000000003
IGEHTMGVV4K	41.548
NKYPGEA2LLEK	40.799499999999995
LLLDNT2ETK	47.419
RWNSDDLN4YRK	38.882
QRPDLNY2QK	27.579
ALL2LESFK	67.73033333333333
LVEQARY4K	33.226
LVEQA2SQK	25.934
4RTEYSGPK	30.526500000000002
YRTE4SGPK	30.526500000000002
4WSDYSGPK	53.718
YWSD4SGPK	53.718
IGEMTKGVV4K	40.25
4HTFYSGPK	38.861999999999995
YHTF4SGPK	38.861999999999995
ALL2LCYHK	51.5015
IGEKYQGVV4K	34.907
Y3YPYSGPK	38.412
4VSKYSGPK	33.5345
YVSK4SGPK	33.5345
LLLDMSKE3K	40.139
IGEMSVGVV4K	54.951
IGE2YVGVVYK	48.611999999999995
LVEQA4TKK	29.078000000000003
ALL2LFTFK	86.07340000000002
IGEAY4GVVYK	51.465500000000006
RWN2DDLNQYMK	46.425
IGEDYFGVV4K	60.630399999999995
ALL2LDSWK	69.97380000000001
ALLSLPS4K	63.163999999999994
LLLDMYVE3K	65.74
ALLSLDS4K	60.268
NES2GEASLLEK	44.379
IGEQSHGVV4K	33.729
Y4TYYSGPK	48.373999999999995
YYT4YSGPK	48.373999999999995
LLLD4SEETK	55.925
IGE2YPGVVYK	42.92100000000001
NKSPGEA2LLEK	37.674
4KSAYSGPK	29.779666666666667
YKSA4SGPK	29.779666666666667
NNTWGEA2LLEK	60.979
NFYQGEA2LLEK	54.178000000000004
LLLDRSKE3K	33.693000000000005
IGEPSCGVV4K	46.82899999999999
ALLSL2SRK	43.781000000000006
IGEPYWGVV4K	62.89966666666667
IGEWTEGVV4K	58.04633333333333
N4YYGEASLLEK	56.8995
NYY4GEASLLEK	56.8995
QRPDLHY3QK	26.0305
ALL2LCTMK	65.295
ALLSLET4K	59.18
ALL2LMSHK	44.372
IGECSNGVV4K	41.711000000000006
RWN2DDLNRTKK	28.719
LLLD4SFETK	67.932
4KYDYSGPK	32.784
YKYD4SGPK	32.784
4VSWYSGPK	57.533500000000004
YVSW4SGPK	57.533500000000004
4RSMYSGPK	29.891666666666666
YRSM4SGPK	29.891666666666666
RWNSDDLNHY4K	42.138666666666666
RWN2DDLNRSRK	29.232333333333333
ALL2LETVK	58.289
ALL2LKYMK	43.59
IGECYRGVV4K	38.691
NMSKGEA2LLEK	41.771
ALLSLRS2K	42.994
ALL2LCSNK	56.053000000000004
LLLDWTCE3K	72.765
QRPDLFY4QK	50.154
RWN2DDLNEYEK	39.664
NHSKGEA2LLEK	31.49
4ASWYSGPK	54.798
YASW4SGPK	54.798
4WTKYSGPK	43.209
YWTK4SGPK	43.209
RWN2DDLNKTAK	30.761000000000003
ALL2LCTRK	49.30814285714286
LLLDDY2ETK	50.756
IGERSAGVV4K	34.848
LLLDHSQE3K	37.9995
IGEEY4GVVYK	51.8865
LLLD4SYETK	60.98
LLLDYS4ETK	60.98
NPT4GEASLLEK	52.721000000000004
LLLD2TRETK	40.307
NVTHGEA2LLEK	40.247
ALL2LDTRK	44.211666666666666
LLLDMTHE3K	50.3605
LLLDWYPE3K	71.131
ALL2LHTVK	47.182
LLLDDTPE3K	51.042
4RYNYSGPK	32.7645
YRYN4SGPK	32.7645
QRPDLPY4QK	38.329
ALL2LATKK	44.75
RWN2DDLNKYVK	41.458
NVSWGEA2LLEK	64.666
N4YVGEASLLEK	56.617999999999995
IGEAS2GVVYK	39.861999999999995
RWN2DDLNHSMK	31.127
IGE2YQGVVYK	40.8
LLLDPS2ETK	51.988
RWN2DDLNKYNK	33.335499999999996
RWN2DDLNETRK	32.6225
LLLDDSEE3K	49.795
LLLDVTRE3K	50.162000000000006
LLLDEYAE3K	51.593999999999994
ALLSLEY4K	62.76175
ALL2LESHK	45.52766666666667
IGEETEGVV4K	41.9735
LVEQAWT3K	45.76350000000001
LLLDETRE3K	42.161
ALLSL4SSK	59.141000000000005
ALLSLYS2K	59.141000000000005
IGEQYAGVV4K	43.353
LLLDRYDE3K	42.957
YHS4YSGPK	34.259
RWN2DDLNKYRK	32.242000000000004
LLLD2YEETK	49.708
ALL2LDSFK	66.98
4HYMYSGPK	33.249
YHYM4SGPK	33.249
LLLD2SPETK	48.9935
NRTCGEA2LLEK	31.824
4HSQYSGPK	29.1495
YHSQ4SGPK	29.1495
LLLDKTVE3K	42.667
RWN2DDLNWSHK	45.28775
ALLSLFT2K	74.307
LVEQAQY4K	37.854
LLLDATCE3K	54.209
NNYRGEA2LLEK	39.189
RWNSDDLNNY2K	37.981
ALL2LRTVK	47.938500000000005
RWN2DDLNMSHK	38.338
NNY2GEASLLEK	45.621
N4SSGEASLLEK	48.932
NYS2GEASLLEK	48.932
ALL2LETDK	54.158
LLLDPYKE3K	44.32066666666666
LLLDAS4ETK	55.467
IGEDSVGVV4K	46.8875
RWN2DDLNHTPK	32.71266666666667
LLLDESHE3K	40.388
IGEMTRGVV4K	33.85
SRGHMVILDQ3K	29.61075
4WTMYSGPK	61.45366666666666
YWTM4SGPK	61.45366666666666
RWN2DDLNCYEK	41.644666666666666
RWN2DDLNDYCK	44.69475
RWN2DDLNNSPK	35.466
N4YMGEASLLEK	58.073
ALL2LMTAK	64.187
LVEQA4THK	29.783
QRPDLPT2QK	28.127499999999998
IGENS2GVVYK	38.676
4RSVYSGPK	33.5835
YRSV4SGPK	33.5835
RWN2DDLNHSRK	28.375
IGEFT4GVVYK	61.4255
QRPDL2TSQK	25.818
QRPDLST2QK	25.818
QRPDL2SQQK	25.326
IGEMYRGVV4K	41.016000000000005
SHGHMVILDQ3K	29.366
ALL2LMSCK	55.096000000000004
NDY3GEASLLEK	47.5595
ALL2LDYFK	71.02000000000001
ALL2LHTHK	38.49983333333333
LLLDDYKE3K	42.840500000000006
ALL2LMSWK	79.64566666666667
RWNSDDLN2SHK	31.497500000000002
IGE4TFGVVYK	63.201666666666675
IGE3SPGVVYK	41.925
NKS2GEASLLEK	36.6555
ALL2LCTFK	71.167
LVEQA4YKK	31.063000000000002
ALL2LCTCK	61.0025
NDSWGEA2LLEK	60.935
IGE4YKGVVYK	39.929
LPD4YWVENK	60.84
IGE2SEGVVYK	40.373999999999995
ALL2LFTWK	87.775375
RWN2DDLNHTKK	27.852000000000004
ALL2LHYEK	45.539750000000005
IGEMTQGVV4K	38.9765
ALLSL2TRK	43.48
LLLDCYEE3K	55.825500000000005
LLLDKY2ETK	40.339
4PYNYSGPK	38.583
YPYN4SGPK	38.583
RWNSDDLNAY2K	38.943000000000005
RWN2DDLNNYDK	39.260000000000005
ALL2LHYMK	52.040666666666674
LLLDWYHE3K	60.277166666666666
RWN2DDLNNYEK	39.266999999999996
NWTQGEA2LLEK	58.059
IGEASNGVV4K	39.343
RWN2DDLNWSFK	63.834
ALL2LCYAK	60.848
LLLDWTAE3K	70.713
ALL2LWTMK	72.8315
YAGHMVILDQ3K	33.624
ALL2LPYVK	65.334
LLLDWT2ETK	69.607
LVEQA3YWK	48.305
LLLDMTWE3K	71.005
IGEHYWGVV4K	53.560428571428574
IGEVTRGVV4K	39.49
YMS4YSGPK	41.497
LLLDESNE3K	48.272
ALL2LRTPK	47.33675
LVEQA2YAK	30.026
LLLDHSAE3K	39.34233333333333
IGERTVGVV4K	40.551
YFY2YSGPK	46.739666666666665
IGEQY2GVVYK	41.304
LLLDKYFE3K	56.214
ALL2LWSMK	71.411
LLLDETPE3K	50.788999999999994
NQS3GEASLLEK	44.032
N2TSGEASLLEK	43.47
NST2GEASLLEK	43.47
ALL2LVTRK	51.368
Y3TRYSGPK	31.191999999999997
LLLD4SNETK	54.715
ALL2LQSAK	52.062
LVEQA2YWK	46.4985
LLLDES4ETK	54.776
RWN2DDLNFSEK	50.315
NEYQGEA2LLEK	45.8285
IGEMYHGVV4K	39.991
NMYPGEA2LLEK	52.471000000000004
IGEVSKGVV4K	37.986
RWN2DDLNFYVK	56.718999999999994
ALL2LFSQK	72.345
RWN2DDLNEYWK	53.581
ALLSLFY4K	80.344
RWN2DDLNWTEK	52.44
RWN2DDLNETWK	48.84966666666667
RWN2DDLNPTPK	39.5535
N2YRGEASLLEK	38.95
RWN2DDLNPTHK	34.7615
LLLDNTAE3K	47.813
RWN2DDLNAYRK	35.321999999999996
LLLDRYKE3K	35.741
4MYRYSGPK	36.122
YMYR4SGPK	36.122
4RTVYSGPK	33.3465
YRTV4SGPK	33.3465
NMSKGEA2LLEK	36.71
4KTPYSGPK	31.1
YKTP4SGPK	31.1
YPGHMVILDQ3K	35.731
RWN2DDLNWTKK	45.022
ALLSLKS4K	49.351000000000006
LLLDRSPE3K	41.09100000000001
RWN2DDLNCSEK	39.554
4WYFYSGPK	67.9665
YWYF4SGPK	67.9665
4FSNYSGPK	51.985
YFSN4SGPK	51.985
RWN2DDLNRSCK	33.648666666666664
IGE2SAGVVYK	40.221
ALLSLHY2K	36.279
YFS4YSGPK	57.89
LLLDFTPE3K	68.307
LLLDHSEE3K	39.8585
IGEHSMGVV4K	33.531000000000006
4DSPYSGPK	35.9405
YDSP4SGPK	35.9405
IGEWTWGVV4K	74.564
4WTQYSGPK	52.9585
YWTQ4SGPK	52.9585
ALL2LNSPK	52.8355
IGEDSKGVV4K	34.504
YHGHMVILDQ3K	29.59716666666667
ALL2LWSRK	60.504999999999995
LLLD4YYETK	62.798
LLLDYY4ETK	62.798
RWNSDDLNDY4K	45.975500000000004
ALL2LPYWK	76.34025
RWN2DDLNFYDK	51.254
RWNSDDLN4YSK	43.443000000000005
RWNSDDLNYY2K	43.443000000000005
LLLDKSKE3K	32.3463
NWSWGEA2LLEK	74.23724999999999
IGEKYAGVV4K	37.138000000000005
4ETEYSGPK	36.618
YETE4SGPK	36.618
NRSMGEA2LLEK	37.439
ALL2LAYCK	61.53725
ALL2LMYRK	46.321999999999996
IGEHYNGVV4K	35.295
NWYCGEA2LLEK	63.147000000000006
IGEKTHGVV4K	28.369
RWN2DDLNCYMK	40.659
ALL2LFTAK	75.44666666666667
QRPDLFS4QK	48.535
LLLD4YKETK	48.735
4DTRYSGPK	31.454
YDTR4SGPK	31.454
IGEAYKGVV4K	35.388000000000005
ALL2LAYDK	56.399
RWN2DDLNPYHK	36.646
RWN2DDLNQSRK	31.753
ALL2LASHK	45.167
RWN2DDLNRYEK	36.7715
IGEETPGVV4K	42.96
IGEVTFGVV4K	63.678999999999995
4PYVYSGPK	46.52266666666666
YPYV4SGPK	46.52266666666666
RWN2DDLNHTDK	31.386
ALLSL4YWK	76.79266666666668
IGE2YFGVVYK	58.247
ALLSL4SQK	58.678000000000004
N2YYGEASLLEK	52.1335
NSY4GEASLLEK	52.1335
RWN2DDLNQSWK	47.907
RWNSDDLN3YWK	53.226
IGEKS3GVVYK	33.762
RWN2DDLNVYNK	41.843999999999994
ALL2LEYCK	60.26719999999999
IGECYPGVV4K	47.729
4HSNYSGPK	28.082
YHSN4SGPK	28.082
4WTHYSGPK	44.144
YWTH4SGPK	44.144
Y2YNYSGPK	36.854
ALL2LHTRK	37.989875000000005
ALLSL2YCK	58.614
SVGHMVILDQ3K	37.0015
QRPDL4YDQK	34.398
ALL2LNYPK	56.065
LLLDETKE3K	41.273999999999994
4WTRYSGPK	44.021
YWTR4SGPK	44.021
4CYMYSGPK	45.617
YCYM4SGPK	45.617
IGEESFGVV4K	56.028999999999996
LPDAS2VENK	40.939
ALL2LNSEK	51.314
4VSNYSGPK	37.602
YVSN4SGPK	37.602
4VSVYSGPK	44.553999999999995
YVSV4SGPK	44.553999999999995
YWS3YSGPK	53.52799999999999
LPD4SKVENK	39.396
ALL2LMTWK	66.19
IGEKSDGVV4K	33.873000000000005
IGEKSQGVV4K	32.254
IGEKYDGVV4K	36.736
LLLDHYAE3K	44.134499999999996
NMSMGEA2LLEK	57.336999999999996
4VYKYSGPK	33.405
YVYK4SGPK	33.405
Y4SDYSGPK	42.783
LVEQA4YMK	37.249
QRPDL2YWQK	45.420500000000004
NWSCGEA2LLEK	62.45399999999999
RWN2DDLNVYEK	43.495999999999995
LVEQACY4K	42.502
4RSAYSGPK	30.253666666666664
YRSA4SGPK	30.253666666666664
ALL2LFYKK	62.014
LVEQAVY3K	35.181999999999995
LLLD2SKETK	39.278999999999996
LLLDKSRE3K	33.1775
LPD3YEVENK	38.841
4KSHYSGPK	25.666
YKSH4SGPK	25.666
IGEKYEGVV4K	37.214
LLLDDYQE3K	50.01049999999999
RWNSDDLNKY3K	37.03
ALL2LRYWK	60.62800000000001
IGEHYHGVV4K	31.369799999999998
IGEHTQGVV4K	33.151666666666664
ALLSL3YFK	70.197
QRPDL4TWQK	46.60766666666667
IGEWT3GVVYK	58.521
LPDES4VENK	44.89
RWN2DDLNRSAK	32.091
NWTDGEA2LLEK	59.968999999999994
NHSAGEA2LLEK	37.718
N2TQGEASLLEK	43.537
4WYNYSGPK	50.80133333333333
YWYN4SGPK	50.80133333333333
4NSNYSGPK	32.444
YNSN4SGPK	32.444
IGEKTQGVV4K	32.3565
ALL2LESMK	61.801
IGEQYEGVV4K	43.211
LLLDWSAE3K	68.83433333333333
QRPDL2TQQK	25.895
SNGHMVILDQ3K	40.961
4RTFYSGPK	39.446
YRTF4SGPK	39.446
ALL2LMSWK	67.669
LLLD2YAETK	50.11600000000001
NNTKGEA2LLEK	28.39
RWN2DDLNQSQK	35.091
LVEQA3SEK	28.204
IGE4YNGVVYK	46.538999999999994
IGERTCGVV4K	38.376999999999995
IGE4YEGVVYK	48.989000000000004
RWN2DDLNPSKK	33.659
IGE4TCGVVYK	52.173
4MYRYSGPK	33.016
YMYR4SGPK	33.016
ALLSL4YQK	60.0225
RWNSDDLNNS3K	34.859
N3YVGEASLLEK	55.333
N4TFGEASLLEK	64.60466666666667
LPD2TAVENK	35.976
RWN2DDLNHYKK	31.712000000000003
LLLDESEE3K	49.198
LLLDNYME3K	48.244
RWN2DDLNFSHK	43.72
ALL2LASCK	58.286
NKT3GEASLLEK	37.336999999999996
NWYMGEA2LLEK	58.058499999999995
LVEQAPS2K	29.01
IGEKSMGVV4K	40.504000000000005
4KSPYSGPK	30.575
YKSP4SGPK	30.575
LLLDWT3ETK	69.6915
LLLDMSHE3K	40.463
NCYHGEA2LLEK	39.135
LLLDRSCE3K	41.81100000000001
IGEHS2GVVYK	32.9225
ALL2LETAK	54.087500000000006
RWNSDDLNDY2K	39.02
QRPDL2TMQK	25.884
IGEMTFGVV4K	64.702
RWNSDDLNMY4K	50.092
IGEQYKGVV4K	35.0615
LLLD2THETK	39.78733333333333
ALL2LRYKK	39.348
LVEQA4SWK	52.218999999999994
NWTAGEA2LLEK	59.5325
NKSVGEA2LLEK	40.388000000000005
ALL2LRYNK	44.2415
LLLD2SEETK	47.8655
IGENSCGVV4K	43.06399999999999
NESQGEA2LLEK	44.505
ALL2LPTPK	60.34799999999999
LLLD4YFETK	70.05199999999999
LPDAY4VENK	46.215
N4YRGEASLLEK	42.525999999999996
IGEDYMGVV4K	42.845
ALL2LASNK	52.313
RWNSDDLN2YHK	33.834
ALL2LCYQK	58.662
IGEEYVGVV4K	50.666000000000004
ALLSLNY4K	60.39766666666667
LLLDAYWE3K	67.63766666666668
IGERTWGVV4K	49.995
RWN2DDLNKSMK	30.754
IGENT4GVVYK	47.801
NFTWGEA2LLEK	71.559
IGE2TAGVVYK	40.485
IGEWSMGVV4K	65.668
NDYAGEA2LLEK	48.544
IGEDT4GVVYK	47.724
LPD2SEVENK	37.139
RWNSDDLN2TNK	35.047
IGEEYEGVV4K	44.831
IGENSAGVV4K	39.795
4ETHYSGPK	31.727999999999998
YETH4SGPK	31.727999999999998
4ESEYSGPK	36.7245
YESE4SGPK	36.7245
IGENY2GVVYK	41.783
ALL2LFTMK	81.458
RWN2DDLNVYFK	57.011
NDTAGEA2LLEK	45.158
LVEQA2YRK	26.25
IGEKSAGVV4K	34.107
LLLDKSCE3K	40.952333333333335
IGERSPGVV4K	35.154
RWNSDDLN4YDK	44.38850000000001
LLLDVSVE3K	92.79299999999999
ALL2LGTRK	35.209
ALL2LFYFK	88.719
Y4TRYSGPK	35.965
IGEDS3GVVYK	41.323499999999996
NWY4GEASLLEK	64.59224999999999
4FYWYSGPK	66.728
YFYW4SGPK	66.728
ALL2LCSHK	48.826
4MSKYSGPK	37.986
YMSK4SGPK	37.986
NWSFGEA2LLEK	72.61883333333333
NPS2GEASLLEK	44.843999999999994
4NYVYSGPK	41.217
YNYV4SGPK	41.217
NHSFGEA2LLEK	48.424499999999995
LLLDMTAE3K	65.002
LVEQAFT2K	41.861999999999995
4ESWYSGPK	52.95133333333333
YESW4SGPK	52.95133333333333
LLLDCSEE3K	54.16
ALL2LMTMK	51.501000000000005
ALL2LWYWK	87.588
RWN2DDLNPTVK	41.805
RWNSDDLN2YCK	42.9765
IGECTRGVV4K	37.001999999999995
N4TRGEASLLEK	42.315
4MSWYSGPK	63.092000000000006
YMSW4SGPK	63.092000000000006
4DYAYSGPK	38.773
YDYA4SGPK	38.773
4MYFYSGPK	57.401
YMYF4SGPK	57.401
4WYMYSGPK	59.897000000000006
YWYM4SGPK	59.897000000000006
LLLDETQE3K	48.4885
IGEDSFGVV4K	56.001000000000005
NNSRGEA2LLEK	28.791
NKTFGEA2LLEK	48.18899999999999
RWN2DDLNVSKK	35.814
4HYNYSGPK	32.14833333333333
YHYN4SGPK	32.14833333333333
LLLDWTNE3K	68.808
TCGHMVILDQ3K	44.9405
LVEQA2SWK	42.71
ALLSLWY3K	73.244
4WSAYSGPK	54.194
YWSA4SGPK	54.194
NRTFGEA2LLEK	48.898999999999994
IGEMYQGVV4K	40.376
ALL2LASVK	60.71
IGEWTCGVV4K	62.757000000000005
LLLDWSPE3K	70.237
RWNSDDLNWY4K	57.788999999999994
LLLDETAE3K	49.833999999999996
IGERSWGVV4K	49.775499999999994
NRYNGEA2LLEK	38.836
IGEEYHGVV4K	36.502250000000004
IGEFTMGVV4K	64.506
ALL2LRYVK	51.2715
IGEVSWGVV4K	64.767
IGE3YSGVVYK	41.482
IGETY2GVVYK	41.482
4WSRYSGPK	45.096000000000004
YWSR4SGPK	45.096000000000004
NRYVGEA2LLEK	43.161
LLLD2TAETK	47.934
IGE4YVGVVYK	57.154333333333334
ALL2LESMK	52.785
RWN2DDLNVYWK	58.3106
RWN2DDLNASHK	32.531
IGECYEGVV4K	46.16
RWNSDDLNHS2K	30.744
NASWGEA2LLEK	60.185
Y4YMYSGPK	49.6695
LLLDDYME3K	60.082
LVEQA4TEK	35.604
RWNSDDLNKS4K	35.553000000000004
ALL2LHYCK	49.15742857142857
RWN2DDLNKYQK	33.62
LLLDWY4ETK	73.13533333333334
LLLDRSME3K	35.978
ALLSL2YEK	54.108999999999995
ALL2LCTWK	73.07666666666667
ALL2LRYMK	44.644
SNGHMVILDQ3K	33.107
RWNSDDLNET2K	36.204
Y3YWYSGPK	53.882000000000005
NWYVGEA2LLEK	65.55499999999999
4VTNYSGPK	37.775
YVTN4SGPK	37.775
IGE2SQGVVYK	39.025999999999996
IGEAYNGVV4K	41.021
IGE4SWGVVYK	65.14
NESDGEA2LLEK	35.302
LLLDPS3ETK	52.042
RWN2DDLNWTWK	66.1426
4PSHYSGPK	33.2965
YPSH4SGPK	33.2965
LLLDRYRE3K	36.907
LLLDNTRE3K	40.01
LLLDVS2ETK	55.7565
RWN2DDLNQTKK	31.208000000000002
LLLDPYPE3K	53.873000000000005
RWNSDDLNHS4K	35.939
NWTPGEA2LLEK	59.15366666666667
IGERT3GVVYK	34.94
IGEFTKGVV4K	45.994
QRPDL3YHQK	26.996499999999997
IGENTRGVV4K	33.564
IGEEYMGVV4K	52.278999999999996
IGEKSEGVV4K	33.99
RWN2DDLNHYFK	50.050000000000004
IGE2TMGVVYK	48.295
NMYFGEA2LLEK	58.3745
N4YKGEASLLEK	41.521
IGE2TYGVVYK	47.92100000000001
IGEST4GVVYK	47.92100000000001
ALL2LWYQK	71.3576
ALL2LCYMK	68.482
ALL2LATWK	69.515
LPD2SDVENK	36.498000000000005
LLLDKTME3K	38.114999999999995
IGEDSRGVV4K	35.010999999999996
4QYQYSGPK	56.917
YQYQ4SGPK	56.917
4FYFYSGPK	64.7
YFYF4SGPK	64.7
4PTFYSGPK	52.748333333333335
YPTF4SGPK	52.748333333333335
IGEKYHGVV4K	30.774
IGERTPGVV4K	35.611999999999995
LLLDQSCE3K	49.282
IGENTPGVV4K	40.789
RWN2DDLNRYWK	49.12266666666667
4WTVYSGPK	59.428000000000004
YWTV4SGPK	59.428000000000004
LLLDASKE3K	41.6375
ALL2LNSWK	67.581
IGEKT4GVVYK	40.817
RWN2DDLNPYPK	41.126999999999995
LPD4YNVENK	45.0655
NVSEGEA2LLEK	48.933
NRTEGEA2LLEK	38.722
LVEQA4TMK	43.026
4QSVYSGPK	38.939
YQSV4SGPK	38.939
IGERSKGVV4K	28.491999999999997
IGEWY4GVVYK	65.22200000000001
IGE4TQGVVYK	46.458
RWN2DDLNRYMK	43.858000000000004
NHSMGEA2LLEK	37.519
IGEESMGVV4K	40.062
ALL2LDYAK	56.104
LLLDWTPE3K	70.207
RWN2DDLNKSCK	32.672
NKY4GEASLLEK	44.331500000000005
4DTEYSGPK	36.351
YDTE4SGPK	36.351
ALL2LWYNK	71.336
IGEMTVGVV4K	46.577
ALLSLPT4K	63.771
RWN2DDLNNSRK	30.913500000000003
RWN2DDLNHYDK	36.529333333333334
ALL2LPSWK	73.551
Y2TRYSGPK	30.610333333333333
NVTKGEA2LLEK	40.431
RWN2DDLNEYVK	45.251666666666665
Y4SFYSGPK	56.248000000000005
LLLDNSVE3K	50.523999999999994
LVEQA4TQK	34.181
RWNSDDLN4SKK	36.697500000000005
ALL2LWYCK	76.296
LPDKY4VENK	36.816500000000005
RWNSDDLNQY2K	37.914
4VYCYSGPK	42.54
YVYC4SGPK	42.54
NRSVGEA2LLEK	41.198
NRTQGEA2LLEK	37.294000000000004
IGEPYHGVV4K	37.031
RWN2DDLNWYKK	45.467
Y2YFYSGPK	49.172333333333334
Y4SSYSGPK	41.917
YYS2YSGPK	41.917
LLLDAS2ETK	49.148
IGEWSRGVV4K	48.60333333333333
RWNSDDLNHT3K	31.237
IGEPSKGVV4K	35.599000000000004
IGERTNGVV4K	32.806999999999995
LLLDWYRE3K	60.59466666666666
IGEFS3GVVYK	55.196000000000005
NASHGEA2LLEK	37.208
IGE4THGVVYK	39.665
NDTWGEA2LLEK	62.482
RWN2DDLNCYDK	41.7525
4HYHYSGPK	30.0835
YHYH4SGPK	30.0835
IGERTMGVV4K	42.244
LLLDNYKE3K	40.707
IGEWTMGVV4K	66.2825
LVEQANY3K	29.281999999999996
ALL2LWYHK	63.086999999999996
LLLDQSAE3K	47.492
NESNGEA2LLEK	44.395
4WSWYSGPK	70.54514285714285
YWSW4SGPK	70.54514285714285
4WTEYSGPK	54.188
YWTE4SGPK	54.188
LLLDESKE3K	40.696
IGEHSNGVV4K	32.6255
NWTMGEA2LLEK	66.812
IGENYNGVV4K	40.48
Y2SVYSGPK	38.383
RWN2DDLNNSKK	30.468000000000004
ALLSL2SVK	57.041000000000004
RWN2DDLNWSRK	45.3495
Y4YPYSGPK	44.651
4ASRYSGPK	32.585
YASR4SGPK	32.585
LLLDKYKE3K	34.7076
LLLDNS4ETK	53.229
RWN2DDLNFYCK	53.9516
ALL2LESQK	52.447
4KYVYSGPK	35.159499999999994
YKYV4SGPK	35.159499999999994
ALL2LKTVK	47.2
LLLDHS3ETK	39.071999999999996
IGEDS2GVVYK	39.948
NNY4GEASLLEK	52.552499999999995
ALL2LHYVK	50.165
IGERYCGVV4K	40.355
IGE2YYGVVYK	50.067
IGESY4GVVYK	50.067
RWN2DDLNEYDK	39.67
LLLDPTKE3K	45.900999999999996
IGEDYKGVV4K	36.916
IGEQYMGVV4K	40.827
NMYVGEA2LLEK	49.9915
IGEWYEGVV4K	59.122428571428564
Y2SRYSGPK	30.644000000000002
ALL2LCSMK	56.958
LLLDAY2ETK	50.38
LLLDPSQE3K	51.233000000000004
IGEDTHGVV4K	34.731
IGEPTVGVV4K	49.8165
ALL2LCYRK	50.971000000000004
LVEQADS4K	34.404
LVEQAES3K	27.677
LLLDVYWE3K	74.24900000000001
ALL2LPYQK	56.82899999999999
4NYQYSGPK	36.975
YNYQ4SGPK	36.975
LPD4YFVENK	57.9305
IGEHTFGVV4K	47.3965
ALL2LDSVK	58.48499999999999
NFSCGEA2LLEK	59.956
ALLSL2YSK	53.169
ALLSLSY2K	53.169
YKT4YSGPK	35.018
IGEHS4GVVYK	40.789
4DSRYSGPK	31.413000000000004
YDSR4SGPK	31.413000000000004
4RYFYSGPK	42.394499999999994
YRYF4SGPK	42.394499999999994
4VYRYSGPK	34.25
YVYR4SGPK	34.25
QRPDL2YRQK	26.750999999999998
LLLDNS2ETK	47.033
N2TVGEASLLEK	48.023
IGEVTPGVV4K	49.075
NKSEGEA2LLEK	37.772
LLLDPTVE3K	57.332
LLLDHTVE3K	43.168
LVEQA4YMK	45.827
ALLSL2THK	44.717
LLLDQTRE3K	40.1525
LPDVY4VENK	51.207
IGEETQGVV4K	39.976
LLLDPYEE3K	53.9005
IGENYEGVV4K	43.7505
NMY2GEASLLEK	49.99100000000001
LLLDPSVE3K	55.175
LPD2SAVENK	36.3585
ALL2LQYHK	46.123333333333335
ALL2LDYQK	53.69
YRY2YSGPK	32.972
LVEQA4TPK	37.5615
LLLDEYKE3K	42.184666666666665
LLLDATHE3K	42.106
LLLDRSFE3K	51.010000000000005
LLLDHYCE3K	47.227666666666664
LLLDKTCE3K	40.8575
ALLSL4YNK	59.711
ALLSL4SFK	72.51899999999999
IGEATHGVV4K	33.942499999999995
NMYKGEA2LLEK	37.299
LLLDHTEE3K	39.797
NMSFGEA2LLEK	64.39033333333333
RWN2DDLNMYKK	33.321
NVSPGEA2LLEK	48.977
RWN2DDLNRSKK	28.49
Y2SKYSGPK	29.874571428571432
LLLDATRE3K	42.973
IGENYDGVV4K	42.931999999999995
RWNSDDLNPY2K	40.815333333333335
IGE2SPGVVYK	40.686499999999995
LLLDNYCE3K	53.0745
RWN2DDLNWTVK	57.095
ALL2LWTKK	61.243500000000004
IGEPS2GVVYK	41.600500000000004
QRPDL2TAQK	26.340000000000003
ALL2LCSKK	47.512
LLLDESRE3K	40.855
LVEQA2THK	23.537
IGEDT3GVVYK	41.208
T2GHMVILDQTK	41.254
Y4YYYSGPK	48.943999999999996
YYY4YSGPK	48.943999999999996
RWN2DDLNMYFK	60.656000000000006
LLLDNSNE3K	61.031666666666666
LVEQA4TYK	42.173
LVEQAYT4K	42.173
LVEQA4SHK	29.309
LPD2SNVENK	33.8965
RWN2DDLNFYNK	49.543
ALLSLES2K	52.963
LPD2SQVENK	35.650999999999996
ALL2LQYQK	75.83600000000001
IGEHYPGVV4K	37.7835
NNTDGEA2LLEK	45.34
RWN2DDLNMYMK	56.123000000000005
ALL2LWTCK	76.52128571428572
LPD4SFVENK	56.8585
RWN2DDLNDYVK	46.371
ALL2LNYHK	46.334
ALL2LRTFK	54.152
IGEPSWGVV4K	60.973
NES3GEASLLEK	45.104
NKY2GEASLLEK	38.6345
NRTPGEA2LLEK	39.368
NRY2GEASLLEK	39.57
ALL2LFSVK	70.695
IGEPT4GVVYK	50.4715
LLLD4YRETK	49.916000000000004
4RTQYSGPK	29.893333333333334
YRTQ4SGPK	29.893333333333334
RWN2DDLNAYCK	43.51333333333333
LLLDMSRE3K	40.69
NFSMGEA2LLEK	64.1045
LLLDFSHE3K	56.108000000000004
4FTHYSGPK	43.504333333333335
YFTH4SGPK	43.504333333333335
RWN2DDLNHYMK	35.438
LLLDET4ETK	54.9835
RWN2DDLNCSRK	34.891999999999996
LPD4SNVENK	44.535
LLLDHT3ETK	39.471
4WSFYSGPK	67.6515
YWSF4SGPK	67.6515
IGEVTEGVV4K	47.229
IGE4YPGVVYK	50.893
4KSWYSGPK	42.950500000000005
YKSW4SGPK	42.950500000000005
RWN2DDLNESVK	39.709
ALLSL4YHK	52.68300000000001
LPD2YKVENK	30.618
IGEDTCGVV4K	45.033
IGEDY4GVVYK	52.144999999999996
LPD4YRVENK	39.952
RWNSDDLN4YFK	56.169
IGEMYQGVV4K	47.11
4WYDYSGPK	53.819750000000006
YWYD4SGPK	53.819750000000006
RWN2DDLNNYCK	43.60966666666667
IGEESCGVV4K	45.215
IGEETRGVV4K	34.953333333333326
RWNSDDLN2YPK	39.454
NFTFGEA2LLEK	70.44175
NVSKGEA2LLEK	39.983000000000004
NHSMGEA2LLEK	43.123999999999995
RWN2DDLNRYDK	36.3855
IGERSVGVV4K	39.3445
IGEMYHGVV4K	35.279
LLLD2YFETK	64.32050000000001
RWN2DDLNFYHK	45.169999999999995
RWN2DDLNCYNK	39.792
NESVGEA2LLEK	48.739
ALLSL3THK	46.11600000000001
LPD4YVVENK	49.87
LLLD4YCETK	60.7558
LVEQA4TNK	33.548
NQTWGEA2LLEK	59.907
LPDDS2VENK	35.501
RWN2DDLNHTRK	28.60966666666667
ALL2LNYNK	51.763000000000005
ALL2LWSHK	61.4
LVEQAMY3K	37.443000000000005
LLLD4SWETK	69.80933333333333
ALL2LCYKK	49.893
RWN2DDLNMYHK	34.014
LLLDRYME3K	50.413000000000004
LLLDEYPE3K	51.78
ALL2LEYAK	56.49100000000001
4ETKYSGPK	30.989333333333335
YETK4SGPK	30.989333333333335
RWN2DDLNCYHK	36.39666666666667
IGEFTVGVV4K	63.144999999999996
ALLSL2SPK	53.562
IGECYHGVV4K	37.509
RWNSDDLN2YDK	38.828
ALL2LKTRK	38.299142857142854
ALLSLAY4K	63.258
ALL2LFSHK	62.732
ALL2LQTQK	74.32600000000001
ALLSL3SAK	54.458999999999996
NVSDGEA2LLEK	49.027
LLLD2TPETK	49.06399999999999
LLLDPTCE3K	55.4025
ALL2LWTEK	74.2192857142857
IGEWSAGVV4K	57.846000000000004
RWN2DDLNPSPK	39.1965
NMYVGEA2LLEK	56.788000000000004
LLLDHSNE3K	38.29266666666667
RWN2DDLNHYCK	40.286199999999994
LLLD4YHETK	49.3185
LLLD2YWETK	65.577
RWN2DDLNHSHK	28.63166666666667
IGEHYVGVV4K	42.31366666666667
4VSRYSGPK	33.863
YVSR4SGPK	33.863
RWN2DDLNCYAK	41.96
ALL2LNYVK	59.185
LLLDNYEE3K	49.64
IGEFYCGVV4K	66.58349999999999
NAYHGEA2LLEK	37.906
ALL2LNSFK	64.685
ALL2LASEK	53.556999999999995
YVS2YSGPK	38.1435
NKTWGEA2LLEK	50.83599999999999
RWN2DDLNHTMK	31.021
LVEQA2YFK	44.01
YHY2YSGPK	32.9965
LLLDKYVE3K	47.526
QRPDLVY4QK	39.044000000000004
IGEAT4GVVYK	49.016000000000005
IGERTEGVV4K	35.231
4KTEYSGPK	30.4204
YKTE4SGPK	30.4204
ALLSLPY4K	65.098
NPYMGEA2LLEK	45.925
ALL2LRSFK	55.418499999999995
LPDKY2VENK	31.548000000000002
LLLDETHE3K	41.623333333333335
LPD4YHVENK	39.1775
NPS4GEASLLEK	52.082
YMGHMVILDQ3K	41.7595
IGE2SFGVVYK	54.45399999999999
RWN2DDLNMTVK	48.117
ALL2LWSFK	86.99028571428572
ALLSLAS2K	52.808
Y4TSYSGPK	41.73049999999999
YYT2YSGPK	41.73049999999999
NASAGEA2LLEK	45.004
NEY3GEASLLEK	46.93
LLLDQSPE3K	48.458
LVEQA2SCK	29.0685
4MYEYSGPK	42.4105
YMYE4SGPK	42.4105
IGEPYFGVV4K	60.64966666666667
LPD4TRVENK	41.31699999999999
IGENYCGVV4K	47.159
RWN2DDLNDYKK	34.2355
ALL2LRYEK	46.071999999999996
RWN2DDLNHYPK	36.041
NFYHGEA2LLEK	45.6695
ALLSLWT2K	72.913
IGEATPGVV4K	42.86149999999999
IGE4SYGVVYK	53.871
IGEYS4GVVYK	53.871
NRSKGEA2LLEK	32.04
ALLSLRY2K	44.755
IGEWSFGVV4K	72.84814285714286
LVEQACS3K	29.828000000000003
4DSHYSGPK	30.99625
YDSH4SGPK	30.99625
IGENYVGVV4K	49.33
QRPDL2TPQK	27.754
LLLD2YPETK	50.596000000000004
4KTRYSGPK	26.434
YKTR4SGPK	26.434
IGERTKGVV4K	28.651999999999997
LLLDDSVE3K	54.633
ALL2LRTNK	42.998999999999995
ALL2LNSKK	35.215
4DTKYSGPK	31.070999999999998
YDTK4SGPK	31.070999999999998
IGECT2GVVYK	42.778999999999996
RWN2DDLNDYNK	38.381
LPD4YCVENK	48.238
ALL2LPTVK	68.79899999999999
NFY4GEASLLEK	61.995
QRPDLQY2QK	27.555999999999997
LLLDCSRE3K	45.56699999999999
IGEDSPGVV4K	42.006
4MSRYSGPK	38.147
YMSR4SGPK	38.147
YQS2YSGPK	33.141999999999996
IGEHSHGVV4K	29.768
4HYRYSGPK	30.097555555555555
YHYR4SGPK	30.097555555555555
IGEKY2GVVYK	35.421
RWN2DDLNVYHK	38.189499999999995
N2YAGEASLLEK	46.433
ALL2LESCK	57.5005
N4YPGEASLLEK	52.641000000000005
LLLDEYEE3K	51.13366666666667
QRPDLWS2QK	41.75
LLLDPSRE3K	44.06399999999999
LLLDHTFE3K	50.8115
IGEDSCGVV4K	44.951
ALL2LFYWK	89.197
ALL2LQTPK	54.269
4DSKYSGPK	30.944000000000003
YDSK4SGPK	30.944000000000003
LLLDNSCE3K	49.4025
IGEWS3GVVYK	57.573
YDGHMVILDQ3K	44.32716666666666
NWTMGEA2LLEK	58.55
NFSFGEA2LLEK	70.76166666666667
LLLDFTWE3K	81.72683333333333
4NYKYSGPK	32.546
YNYK4SGPK	32.546
IGERT4GVVYK	41.543
ALLSLNS4K	58.17499999999999
LLLDRSHE3K	34.507
LVEQA4SEK	34.885
NHS4GEASLLEK	43.54633333333334
IGEETKGVV4K	34.214
LVEQAVY4K	43.504
LPD4TEVENK	49.408
QRPDL4YKQK	28.147
IGEFSPGVV4K	56.910333333333334
SMGHMVILDQ3K	49.55314285714286
IGE4TYGVVYK	54.216
IGEYT4GVVYK	54.216
ALLSL4SWK	75.5144
IGEMYNGVV4K	64.747
4ESHYSGPK	30.7945
YESH4SGPK	30.7945
ALL2LPTWK	73.7252
4KSFYSGPK	39.2535
YKSF4SGPK	39.2535
RWN2DDLNRSVK	34.647
RWNSDDLN4YQK	43.132
4EYPYSGPK	39.21
YEYP4SGPK	39.21
LLLDCSNE3K	52.309
IGERYHGVV4K	31.4165
NNSPGEA2LLEK	44.68899999999999
ALL2LKSMK	50.1995
ALL2LPTAK	58.11600000000001
IGEWY2GVVYK	57.95466666666667
ALL2LHYWK	59.51366666666667
LLLDVSFE3K	77.863
IGEMSRGVV4K	40.446999999999996
QRPDLCY4QK	39.8205
IGENYPGVV4K	43.223
NNSFGEA2LLEK	56.261
NEY2GEASLLEK	46.07899999999999
IGE2YKGVVYK	35.251
ALL2LDSQK	52.4805
NWY2GEASLLEK	60.445
ALL2LKYCK	49.65133333333333
IGEWTNGVV4K	55.751000000000005
IGEEYNGVV4K	41.51
ALL2LCSWK	74.367
ALLSL4TEK	60.968
LVEQA4SNK	32.93
RWN2DDLNETKK	31.926000000000002
IGEEYCGVV4K	48.31666666666666
RWN2DDLNRYFK	49.219
LLLDMTHE3K	41.038999999999994
4HYKYSGPK	29.416999999999998
YHYK4SGPK	29.416999999999998
QRPDLMY4QK	42.762
LLLDNSHE3K	39.2145
RWN2DDLNRTRK	29.35875
LLLDWT4ETK	64.55199999999999
LVEQA4YEK	38.1165
LLLDDSHE3K	40.178333333333335
RWN2DDLNMYHK	39.257
LLLDNSEE3K	47.73
LVEQA4YTK	37.399
LVEQAYY3K	37.399
LVEQA2TVK	29.976999999999997
4KTVYSGPK	32.9
YKTV4SGPK	32.9
IGEDSHGVV4K	34.924
YWS4YSGPK	59.077
YWY2YSGPK	50.641000000000005
LVEQAEY4K	39.434
NRSWGEA2LLEK	50.629
RWN2DDLNKTQK	30.516
IGEPYEGVV4K	45.023
4FSWYSGPK	69.55957142857143
YFSW4SGPK	69.55957142857143
IGECYDGVV4K	46.077
ALL2LGYEK	55.913999999999994
RWN2DDLNRTFK	40.024
4WSMYSGPK	53.803
YWSM4SGPK	53.803
LLLDEYFE3K	65.35900000000001
LLLDFTQE3K	67.4515
NDYMGEA2LLEK	47.056999999999995
ALL2LFSRK	62.056999999999995
Y4TVYSGPK	47.945
ALL2LVSAK	60.416
IGEWYNGVV4K	56.71633333333333
RWN2DDLNETAK	36.711
NEYFGEA2LLEK	59.723333333333336
YFT4YSGPK	58.787
TAGHMVILDQ3K	42.07966666666667
IGECYVGVV4K	66.55199999999999
NFSHGEA2LLEK	45.8955
4EYWYSGPK	54.760999999999996
YEYW4SGPK	54.760999999999996
RWNSDDLNWY2K	52.09566666666666
LLLDRYNE3K	41.034
LVEQANY4K	37.044000000000004
LVEQA4TWK	52.730500000000006
LLLDPYDE3K	53.943250000000006
LLLDPSCE3K	53.8615
4DYVYSGPK	42.272000000000006
YDYV4SGPK	42.272000000000006
Y4SMYSGPK	49.533
IGEHYFGVV4K	50.82725
IGENYAGVV4K	44.078
LLLDHTCE3K	41.4775
NKT4GEASLLEK	43.50899999999999
ALL2LRYPK	48.925333333333334
IGEPSEGVV4K	43.141000000000005
RWN2DDLNKYKK	30.729499999999998
LLLD2SWETK	64.243
NWS2GEASLLEK	57.425
N4SKGEASLLEK	41.75
4ESCYSGPK	38.233000000000004
YESC4SGPK	38.233000000000004
IGEHYAGVV4K	37.8905
LPDCS4VENK	48.703
ALL2LQYWK	70.6885
RWN2DDLNWSVK	56.59966666666667
ALL2LRTCK	46.55559999999999
LLLDHT4ETK	45.148999999999994
N2SHGEASLLEK	28.521
4EYKYSGPK	32.8005
YEYK4SGPK	32.8005
LPD2TPVENK	32.811499999999995
ALL2LPTEK	57.897
ALLSL4TFK	71.92633333333333
4VTQYSGPK	38.623000000000005
YVTQ4SGPK	38.623000000000005
Y4SPYSGPK	42.172
IGEESNGVV4K	39.5365
RWN2DDLNDYRK	35.564
YKS2YSGPK	28.814
RWN2DDLNKSRK	28.218000000000004
LLLDPSHE3K	43.177666666666674
NFSKGEA2LLEK	46.074
ALLSL2YHK	46.755
IGEMSKGVV4K	33.236999999999995
RWN2DDLNHSMK	35.592
NHSNGEA2LLEK	37.256
YDY4YSGPK	44.785333333333334
RWN2DDLNEYFK	53.096000000000004
IGEPTCGVV4K	47.4675
LVEQACT4K	37.611999999999995
ALL2LKTMK	42.701
ALL2LMSDK	56.216
LVEQAVS4K	39.971666666666664
ALL2LWYAK	73.17275000000001
RWN2DDLNMYVK	57.1
NFT2GEASLLEK	55.19
RWN2DDLNHSKK	27.759999999999998
LVEQA4YHK	32.464
ALLSL4YMK	68.58949999999999
ALL2LESNK	52.725
RWN2DDLNHYNK	34.1745
YWY3YSGPK	51.8985
LPD3SPVENK	35.883
IGEFTCGVV4K	60.59133333333333
ALL2LQSVK	57.323
RWN2DDLNKYEK	35.928
IGE4YFGVVYK	65.43925
QRPDL2TNQK	25.4795
LVEQA2YEK	30.011
IGEVSVGVV4K	53.851
IGEWSEGVV4K	57.205
LLLD2SCETK	49.8535
NEYVGEA2LLEK	51.2925
RWNSDDLN4TPK	44.824
NFY2GEASLLEK	55.217
LLLDMTKE3K	50.917
ALL2LKSMK	42.415
IGEAYHGVV4K	35.907999999999994
RWNSDDLNKS2K	30.525
TDGHMVILDQ3K	43.739
ALL2LCYEK	60.614
4CYWYSGPK	56.94925
YCYW4SGPK	56.94925
4MYMYSGPK	49.806000000000004
YMYM4SGPK	49.806000000000004
YKY4YSGPK	37.1475
RWN2DDLNKSVK	33.77
4RSFYSGPK	39.5565
YRSF4SGPK	39.5565
NDYMGEA2LLEK	54.673
ALL2LCSRK	48.5475
TQGHMVILDQ3K	33.199
IGEATKGVV4K	34.058499999999995
NHYDGEA2LLEK	41.210499999999996
ALL2LPYKK	48.447
ALL2LCTAK	58.542
ALL2LMYQK	51.928999999999995
4QYPYSGPK	38.549
YQYP4SGPK	38.549
RWN2DDLNQYNK	37.108000000000004
IGENSWGVV4K	57.6315
ALLSL2YQK	52.653
QRPDL2TDQK	24.74333333333333
YEY4YSGPK	44.02533333333333
IGEPYCGVV4K	48.719
NHT4GEASLLEK	44.29
ALL2LVSVK	65.751
LLLDKS2ETK	38.25566666666666
ALL2LKYPK	47.72566666666666
IGEVS4GVVYK	53.1935
NWTCGEA2LLEK	63.215
NFTPGEA2LLEK	56.599
RWN2DDLNMYEK	44.678999999999995
LLLDKYEE3K	41.709799999999994
4HYMYSGPK	37.183
YHYM4SGPK	37.183
RWNSDDLN4YHK	38.970333333333336
ALL2LAYNK	54.273999999999994
LLLDMTEE3K	60.802
IGEDTPGVV4K	42.577
LVEQA2SPK	27.611666666666668
NKSWGEA2LLEK	50.089
LLLDWYNE3K	67.851
ALL2LDSEK	53.696000000000005
4HYCYSGPK	35.30533333333333
YHYC4SGPK	35.30533333333333
NHTVGEA2LLEK	42.169
ALL2LCYMK	59.152
IGEFS2GVVYK	53.13399999999999
LLLDWY2ETK	68.00566666666667
SCGHMVILDQ3K	44.7715
IGEHTPGVV4K	35.36433333333334
ALL2LFTCK	77.66266666666668
RWN2DDLNETVK	59.972
IGEFSFGVV4K	71.003
ALL2LETEK	54.137
LPD3SHVENK	31.347
NDYVGEA2LLEK	52.47
QRPDLEY4QK	37.967999999999996
IGEDYMGVV4K	53.201
ALL2LRTMK	49.909
IGEWSQGVV4K	55.342
ALL2LVYHK	53.1415
4KYFYSGPK	41.708
YKYF4SGPK	41.708
LLLDRTEE3K	40.4625
IGEKSHGVV4K	28.606
RWNSDDLN3YNK	41.772
NRS4GEASLLEK	43.465
ALLSL4YYK	66.99199999999999
ALLSLYY4K	66.99199999999999
YCY4YSGPK	46.153
LLLDNY2ETK	48.343
NWTFGEA2LLEK	72.87660000000001
4HTWYSGPK	41.83866666666666
YHTW4SGPK	41.83866666666666
RWN2DDLNCYCK	44.958499999999994
LLLDAYEE3K	51.892
IGEHY3GVVYK	38.21
S2GHMVILDQTK	41.248999999999995
RWN2DDLNDYPK	40.8275
IGENYHGVV4K	35.986999999999995
Y2YHYSGPK	33.688500000000005
4WYCYSGPK	55.86150000000001
YWYC4SGPK	55.86150000000001
LLLDEY2ETK	49.906000000000006
QRPDL2SCQK	28.369
IGE4YRGVVYK	41.15050000000001
4KYEYSGPK	33.193
YKYE4SGPK	33.193
ALL2LNTKK	35.298
ALL2LQSCK	55.11933333333334
RWN2DDLNMYFK	57.774
ALL2LKSKK	36.980000000000004
LPD4SYVENK	50.4815
LPDYS4VENK	50.4815
ALLSLKT2K	42.842
NKYMGEA2LLEK	44.148
4FYPYSGPK	50.35933333333333
YFYP4SGPK	50.35933333333333
IGEDYRGVV4K	38.272
LLLDPT4ETK	56.958000000000006
RWN2DDLNNTWK	46.492
LLLDMSFE3K	73.675
N4YFGEASLLEK	65.17466666666667
RWN2DDLNNYHK	33.858000000000004
LVEQADY2K	29.326
4PYMYSGPK	48.12375
YPYM4SGPK	48.12375
N2THGEASLLEK	36.791
IGEFSKGVV4K	45.33
NHYMGEA2LLEK	45.037
NFY3GEASLLEK	56.295
RWN2DDLNRTWK	42.631
TAGHMVILDQ3K	33.648
Y2SNYSGPK	32.823
4HSPYSGPK	30.228
YHSP4SGPK	30.228
ALL2LATHK	46.273
LLLDKTEE3K	38.9015
4QYWYSGPK	53.12949999999999
YQYW4SGPK	53.12949999999999
LLLDDSWE3K	65.381
LVEQA2TEK	26.88
4ATQYSGPK	37.097
YATQ4SGPK	37.097
ALL2LWTFK	84.774125
ALL2LHYFK	58.480999999999995
ALL2LPTCK	61.48750000000001
4HSFYSGPK	38.909000000000006
YHSF4SGPK	38.909000000000006
ALLSLNT4K	56.773999999999994
IGEMYWGVV4K	68.99325
ALL2LWSKK	59.7365
QRPDLCY2QK	30.886999999999997
4RYCYSGPK	34.726
YRYC4SGPK	34.726
IGEFT2GVVYK	54.065
ALL2LPYRK	49.445
QRPDLDT2QK	26.293
IGERYPGVV4K	37.626999999999995
RWN2DDLNVYPK	44.994
IGE3STGVVYK	40.94
IGETS3GVVYK	40.94
RWN2DDLNEYRK	34.97
ALL2LRSWK	58.091499999999996
4KTWYSGPK	42.325
YKTW4SGPK	42.325
LLLDHS2ETK	38.529
IGEFSDGVV4K	54.227
IGE2SKGVVYK	33.796
ALLSL2TVK	56.132
LPD3SKVENK	32.516999999999996
IGEVS3GVVYK	46.343999999999994
NEYDGEA2LLEK	47.82899999999999
NAYWGEA2LLEK	61.88633333333333
LLLDRT2ETK	39.821
IGEFTNGVV4K	52.711999999999996
IGEKYNGVV4K	34.455666666666666
RWN2DDLNQSPK	36.353
4DSAYSGPK	35.563
YDSA4SGPK	35.563
NETWGEA2LLEK	61.02333333333333
ALLSLKS3K	43.033
LLLDWS4ETK	72.41575
RWNSDDLNCY2K	40.375
LVEQA2SYK	33.553000000000004
LVEQASS4K	33.553000000000004
RWN2DDLNKSFK	39.5185
RWN2DDLNRTAK	32.031
RWN2DDLNRTCK	33.42699999999999
RWNSDDLN4YVK	48.92100000000001
IGEKTMGVV4K	32.812
LLLDETEE3K	49.736999999999995
ALLSL4YPK	63.34125
4WSNYSGPK	52.05799999999999
YWSN4SGPK	52.05799999999999
LLLDVSDE3K	26.820999999999998
NHSVGEA2LLEK	41.475500000000004
IGEESDGVV4K	41.1815
IGEMYKGVV4K	39.905
ALLSL2SWK	69.02866666666667
RWN2DDLNEYAK	40.532
ALL2LRSRK	38.2995
LLLDASHE3K	40.8955
NRTRGEA2LLEK	32.405
IGEHYRGVV4K	32.721000000000004
4FTNYSGPK	52.195
YFTN4SGPK	52.195
IGEHTDGVV4K	34.146
LLLDASRE3K	42.123000000000005
LLLDESCE3K	51.44866666666667
LLLD3YWETK	67.0465
RWN2DDLNAYHK	34.7915
ALLSL2YMK	62.418
N4THGEASLLEK	43.11200000000001
ALL2LWYRK	61.644
IGEPS4GVVYK	49.608999999999995
RWN2DDLNNTKK	30.616999999999997
LPDWT4VENK	75.123
IGEGS4GVVYK	25.531999999999996
LLLDPTFE3K	64.403
LVEQANT4K	32.513000000000005
4CYCYSGPK	42.005
YCYC4SGPK	42.005
IGEDYAGVV4K	45.79
IGEPTRGVV4K	36.629999999999995
IGEVSMGVV4K	55.147
ALL2LKTHK	38.780428571428565
LLLDKSDE3K	38.413000000000004
LLLDPTHE3K	45.10225
NKSNGEA2LLEK	36.6695
LVEQA4TAK	35.308
NAYRGEA2LLEK	38.869
ALL2LFYQK	72.749
YWT2YSGPK	52.464
IGEKTVGVV4K	40.009
LLLDHSDE3K	39.78733333333333
4FTWYSGPK	70.204
YFTW4SGPK	70.204
RWNSDDLN4SFK	53.763999999999996
4KYMYSGPK	36.623000000000005
YKYM4SGPK	36.623000000000005
ALL2LMTWK	80.331
YAY4YSGPK	43.553000000000004
LPD2TEVENK	37.149
ALL2LFYHK	64.771
4EYFYSGPK	50.2915
YEYF4SGPK	50.2915
LLLDKYME3K	49.69
IGEETFGVV4K	56.295
IGEVYEGVV4K	47.7735
ALLSLRS4K	49.816
LLLD2YHETK	41.782
IGEKT2GVVYK	32.575
IGE4YQGVVYK	46.806000000000004
IGEVSRGVV4K	38.633
ALL2LRSEK	35.463
LLLDPTPE3K	52.974
LLLDNSPE3K	48.556999999999995
LLLDEYME3K	49.571999999999996
LVEQADY4K	38.979
4VYQYSGPK	38.745
YVYQ4SGPK	38.745
LLLDNYWE3K	65.47625000000001
LLLDFTEE3K	68.4535
LLLDQTAE3K	47.585
LVEQAKS4K	28.381999999999998
4AYPYSGPK	39.166
YAYP4SGPK	39.166
IGEKYPGVV4K	36.954
RWN2DDLNKYFK	48.9645
ALLSL2SYK	58.946999999999996
ALLSLSS4K	58.946999999999996
4MSRYSGPK	31.033
YMSR4SGPK	31.033
LLLDQSNE3K	46.415
4RYVYSGPK	36.156
YRYV4SGPK	36.156
ALLSLFT4K	78.50175
NESWGEA2LLEK	60.566
IGEFSHGVV4K	45.263000000000005
LPDNS2VENK	32.251
ALLSL4YKK	50.649
RWN2DDLNKTMK	30.715
NAT4GEASLLEK	51.943999999999996
YRY4YSGPK	37.80233333333333
4RSWYSGPK	43.24733333333333
YRSW4SGPK	43.24733333333333
NPSKGEA2LLEK	37.412
LLLDRTME3K	45.465
IGEKSPGVV4K	34.453500000000005
IGEATWGVV4K	59.919
IGEKSWGVV4K	49.06100000000001
NNYNGEA2LLEK	44.92100000000001
LLLDNYPE3K	51.288666666666664
4MYHYSGPK	35.650999999999996
YMYH4SGPK	35.650999999999996
4WTDYSGPK	53.998000000000005
YWTD4SGPK	53.998000000000005
IGEKTEGVV4K	34.5765
QRPDL4SYQK	38.402
QRPDLYS4QK	38.402
IGEKSVGVV4K	38.698
LVEQA4YQK	36.582
4AYEYSGPK	38.412
YAYE4SGPK	38.412
NVY2GEASLLEK	48.298
YNT2YSGPK	33.367
LLLD2SDETK	48.095
NDYRGEA2LLEK	41.349
IGEPYVGVV4K	50.809
NVYRGEA2LLEK	40.97
NWSRGEA2LLEK	49.016999999999996
NKYWGEA2LLEK	51.93899999999999
NMYWGEA2LLEK	67.71600000000001
4PYPYSGPK	42.17325
YPYP4SGPK	42.17325
LLLDPT2ETK	53.663000000000004
LLLDQSHE3K	39.111
LLLD4TFETK	68.712
ALL2LHTFK	53.5605
ALLSL4TWK	74.101
LLLDHTWE3K	53.722
ALLSLMY2K	63.82899999999999
LVEQART4K	28.82
NPTHGEA2LLEK	37.205
RWNSDDLNWS4K	57.123000000000005
LLLDKSEE3K	38.7645
LLLDVTWE3K	71.90899999999999
4FTFYSGPK	66.98666666666666
YFTF4SGPK	66.98666666666666
Y4YRYSGPK	36.473
LLLDRTHE3K	34.58025000000001
LPD3SCVENK	41.045
RWN2DDLNMYRK	34.361999999999995
IGE3SRGVVYK	34.902
RWN2DDLNDYDK	40.5225
ALL2LKYFK	58.953
IGEFYDGVV4K	56.0425
Y4YNYSGPK	41.388999999999996
LLLDCYNE3K	53.365
LLLDMTRE3K	51.413999999999994
ALL2LWYKK	60.0865
RWN2DDLNWYAK	52.797
LLLDVSCE3K	60.067
LLLDEYCE3K	54.95666666666667
ALL2LWTPK	74.5745
IGECSKGVV4K	36.163000000000004
IGE2SSGVVYK	38.806999999999995
IGESS2GVVYK	38.806999999999995
NFTVGEA2LLEK	62.25
LVEQA2YYK	37.737
LVEQASY4K	37.737
LLLDCSAE3K	54.677
RWN2DDLNMTPK	59.403999999999996
ALLSL2TSK	51.957
ALLSLST2K	51.957
LLLDKYWE3K	93.02
NMYDGEA2LLEK	51.744
NPTPGEA2LLEK	47.007666666666665
LLLDKTKE3K	32.487
N2STGEASLLEK	43.849
NSS3GEASLLEK	43.849
IGE4TMGVVYK	56.446
IGEHYDGVV4K	37.577
NMYWGEA2LLEK	61.13666666666666
ALL2LFTKK	62.4795
ALL2LMYWK	81.85333333333334
NHTDGEA2LLEK	38.855000000000004
LVEQA2YDK	29.666999999999998
4HTPYSGPK	30.717
YHTP4SGPK	30.717
4RYAYSGPK	33.203
YRYA4SGPK	33.203
RWN2DDLNETEK	36.992999999999995
IGEDYNGVV4K	42.038999999999994
ALLSL2SCK	55.4875
RWNSDDLNAY4K	45.516999999999996
LLLDNTQE3K	64.143
RWN2DDLNCYRK	36.75
NMSWGEA2LLEK	59.961000000000006
RWN2DDLNFTWK	64.43
ALLSLNY2K	52.396
N4YDGEASLLEK	51.992999999999995
IGEAYQGVV4K	41.472
IGEWYAGVV4K	61.352000000000004
QRPDL2TTQK	25.967
QRPDLST3QK	25.967
RWN2DDLNKTFK	39.146
IGE3TWGVVYK	58.943000000000005
4NYWYSGPK	53.185
YNYW4SGPK	53.185
LLLDKSQE3K	37.402
NPY2GEASLLEK	46.068999999999996
ALL2LESEK	53.585
ALL2LQYMK	62.193999999999996
LLLDWYME3K	67.54400000000001
ALL2LPYHK	62.979
IGEHYQGVV4K	35.876
IGEKYKGVV4K	30.489
RWN2DDLNHSWK	42.44833333333333
NVSMGEA2LLEK	55.701
NWY3GEASLLEK	60.968999999999994
ALLSL3SEK	54.196000000000005
LLLDKT2ETK	38.3515
Y2YYYSGPK	42.817
YSY4YSGPK	42.817
ALL2LNSNK	50.34
RWN2DDLNRTQK	31.671
NKYFGEA2LLEK	49.861000000000004
NRYWGEA2LLEK	52.55533333333333
NFYGGEA2LLEK	29.85
ALL2LMYDK	64.868
IGENSKGVV4K	33.085
IGERT2GVVYK	33.376999999999995
RWN2DDLNVYCK	47.068000000000005
LLLDKSPE3K	39.977
NHYPGEA2LLEK	41.55466666666667
IGENTWGVV4K	57.808
LVEQA4YDK	37.746
LVEQA2TCK	28.065
N4TKGEASLLEK	42.042
IGE2YWGVVYK	60.81980000000001
ALLSLQT4K	57.144
ALLSLDT4K	58.833
Y4SHYSGPK	36.479
LLLDPSEE3K	52.2405
LPD4THVENK	40.09
LLLDAYQE3K	50.071000000000005
ALL2LDYHK	47.5445
RWN2DDLNKYCK	39.38175
IGEHYKGVV4K	31.417333333333332
LVEQA2TWK	41.788999999999994
NWTVGEA2LLEK	64.578
RWN2DDLNKTPK	32.44366666666667
Y2TFYSGPK	46.553999999999995
ALL2LCTVK	62.9435
IGEHSWGVV4K	49.693
LVEQAMS4K	34.065
IGEMY4GVVYK	56.974
IGEMSMGVV4K	56.801
RWN2DDLNWSPK	53.661
LLLD4TWETK	70.305
RWN2DDLNFTHK	44.324
IGERSFGVV4K	47.028
LLLDDYFE3K	66.581
ALLSLHS4K	48.691
ALL2LPSHK	48.1285
LLLD2SHETK	39.2145
IGEESQGVV4K	39.8
RWN2DDLNWTFK	63.72975
ALL2LWTHK	62.50633333333334
LLLDKSVE3K	42.525999999999996
RWNSDDLNKT2K	30.514
ALL2LRTAK	43.858999999999995
RWN2DDLNPYAK	40.583
ALL2LETQK	53.105000000000004
RWN2DDLNWSCK	55.78
IGERYRGVV4K	32.68366666666666
LLLD2TKETK	39.4555
TQGHMVILDQ3K	41.44425
LLLDAYHE3K	43.467
ALL2LMSHK	52.847
LPDRY4VENK	37.385999999999996
IGEKTNGVV4K	31.9595
4WYHYSGPK	42.4482
YWYH4SGPK	42.4482
LPD4YMVENK	51.916
IGEMTFGVV4K	54.957
Y4GHMVILDQTK	49.0822
RWN2DDLNDYHK	34.803333333333335
IGEQTRGVV4K	33.55466666666667
LLLDHSWE3K	53.766999999999996
YFS2YSGPK	52.278
RWN2DDLNFSKK	42.961999999999996
ALL2LKSWK	57.783500000000004
NQSMGEA2LLEK	44.004
SPGHMVILDQ3K	34.549499999999995
LVEQAMY4K	46.016000000000005
4FTAYSGPK	54.1535
YFTA4SGPK	54.1535
NDSRGEA2LLEK	38.457
ALL2LQSQK	50.213
YFY4YSGPK	55.1615
IGEKTFGVV4K	47.181000000000004
ALL2LHSHK	37.86881818181818
IGEVT4GVVYK	53.321999999999996
LLLDHTDE3K	40.049
4WSEYSGPK	54.5865
YWSE4SGPK	54.5865
ALL2LMYCK	69.02733333333335
ALL2LPYMK	57.1515
ALL2LCTQK	57.232
LLLDDTCE3K	52.1335
ALL2LKSVK	48.136
ALL2LPYFK	73.542
LLLDWSCE3K	73.696
RWN2DDLNRTEK	32.2805
ALLSLCY4K	66.6544
ALL2LPSCK	61.1335
IGEWYKGVV4K	48.774
NDYPGEA2LLEK	48.876000000000005
ALL2LEYHK	47.5172
YGGHMVILDQ3K	55.956
Y2GHMVILDQTK	41.5325
NVYDGEA2LLEK	50.099
NWSAGEA2LLEK	58.946999999999996
LVEQAHT4K	28.415
ALL2LDTCK	55.824
ALL2LFYDK	75.031
IGEVTKGVV4K	38.686
LLLDESWE3K	64.863
ALL2LQYPK	72.883
RWN2DDLNHTEK	31.4535
ALLSL4YSK	60.738
ALLSLYY2K	60.738
N3YWGEASLLEK	62.036500000000004
ALLSL2SKK	43.294
IGEVSPGVV4K	48.01733333333333
4KSCYSGPK	31.081500000000002
YKSC4SGPK	31.081500000000002
LLLDKTNE3K	37.985
IGEQSRGVV4K	33.372
NFYVGEA2LLEK	63.066
NNYMGEA2LLEK	53.203
RWN2DDLNPSWK	50.238
LLLDQY2ETK	48.228
LLLDDTEE3K	50.1915
Y2YEYSGPK	38.422
4KYQYSGPK	32.623000000000005
YKYQ4SGPK	32.623000000000005
4KYWYSGPK	45.32175000000001
YKYW4SGPK	45.32175000000001
LLLDRTCE3K	42.166000000000004
LPD2TRVENK	30.096
IGEWSKGVV4K	47.845
ALLSLNY3K	53.058
RWN2DDLNRYKK	31.408
4QSNYSGPK	32.717
YQSN4SGPK	32.717
IGEVYWGVV4K	67.105
LVEQA2YMK	36.586999999999996
LLLDWTME3K	69.294
IGEPT2GVVYK	42.125
RWN2DDLNPYKK	35.586999999999996
QRPDLDY4QK	37.163000000000004
RWN2DDLNRYHK	31.831333333333333
LLLDWY3ETK	68.648
IGEETWGVV4K	59.40766666666667
IGENTKGVV4K	32.791
RWNSDDLNHT4K	35.873000000000005
RWN2DDLNEYCK	43.35666666666666
LLLDRYPE3K	43.016999999999996
IGECT4GVVYK	51.578
LLLDRYCE3K	46.94675
LVEQADT4K	33.867
IGE3SSGVVYK	39.68
IGETS2GVVYK	39.68
LVEQA4SCK	38.11150000000001
LLLD3SEETK	49.96
ALLSLCS4K	65.221
4DYQYSGPK	38.388000000000005
YDYQ4SGPK	38.388000000000005
4QTHYSGPK	30.988000000000003
YQTH4SGPK	30.988000000000003
ALL2LFTVK	79.06357142857144
LVEQA4YFK	53.266000000000005
RWNSDDLNCY4K	47.406000000000006
4WSPYSGPK	52.688500000000005
YWSP4SGPK	52.688500000000005
ALLSL4YAK	61.9785
LLLDWTEE3K	69.9445
ALL2LEYNK	53.968
Y4YEYSGPK	42.545
IGEAYEGVV4K	44.346000000000004
RWN2DDLNWSAK	52.1355
ALL2LHSAK	42.88466666666667
ALL2LHSKK	36.78616666666667
4ATFYSGPK	50.271
YATF4SGPK	50.271
YNGHMVILDQ3K	41.31166666666666
NVYMGEA2LLEK	65.778
LVEQA4YCK	41.289
LLLDHTQE3K	38.4315
RWNSDDLNRY2K	35.33
N4YSGEASLLEK	50.2885
NYY2GEASLLEK	50.2885
LLLDRTWE3K	53.908
NHSCGEA2LLEK	38.354
LLLDRSVE3K	43.343
ALL2LFYPK	75.46125
LVEQA4YPK	41.091499999999996
IGERS4GVVYK	40.812
IGEKYWGVV4K	51.983999999999995
Y2TPYSGPK	35.095
Y4SYYSGPK	48.64
YYS4YSGPK	48.64
LLLDMTNE3K	47.043
IGERYNGVV4K	35.196999999999996
YQY4YSGPK	42.968
Y4THYSGPK	36.287499999999994
NHY3GEASLLEK	40.614000000000004
NMYMGEA2LLEK	58.114
LLLDCYDE3K	55.39
IGERSMGVV4K	33.431
IGEATNGVV4K	39.414
ALLSL2YKK	44.638999999999996
IGENY4GVVYK	50.513000000000005
RWN2DDLNWYNK	51.510333333333335
ALLSLQS2K	50.586999999999996
4ETRYSGPK	31.727999999999998
YETR4SGPK	31.727999999999998
LLLDRYHE3K	36.272999999999996
ALL2LPYMK	67.0
LLLDQTPE3K	48.885
IGE4SAGVVYK	47.906000000000006
NMYKGEA2LLEK	41.36
ALLSL2TYK	57.77
ALLSLST4K	57.77
RWNSDDLN2YRK	34.439
LLLDKTPE3K	40.582
NWTWGEA2LLEK	73.89855555555556
IGEFY4GVVYK	63.372
LLLDMT4ETK	65.08
NFYMGEA2LLEK	64.324
ALL2LEYQK	53.971000000000004
RWNSDDLN4SYK	47.653
RWNSDDLNYS4K	47.653
ALL2LDYPK	58.541
LLLDVTPE3K	57.708
RWN2DDLNVSAK	42.091
LLLDHSCE3K	41.23
LVEQA2YCK	32.683
ALL2LASKK	43.99
LLLDPTRE3K	46.028
LPD4YQVENK	44.941
IGERYWGVV4K	52.7275
NPTRGEA2LLEK	38.268
NMTWGEA2LLEK	66.57499999999999
LLLDCYHE3K	46.481
LLLDQYRE3K	42.089
ALL2LHTKK	37.3645
NWTHGEA2LLEK	49.19575
ALL2LCTKK	48.18133333333333
RWN2DDLNRTHK	29.495666666666665
ALL2LKYVK	50.816
IGEAYDGVV4K	44.303999999999995
LLLDHSME3K	38.393
ALL2LQTWK	65.787
RWN2DDLNHTHK	28.55416666666667
RWN2DDLNFYMK	58.046499999999995
ALL2LMYFK	67.7905
IGEMTHGVV4K	39.757
4KSQYSGPK	29.065999999999995
YKSQ4SGPK	29.065999999999995
Y4TMYSGPK	49.847
LLLD3SKETK	41.51
LLLDNSKE3K	39.363
LPDFS4VENK	60.1895
NWT3GEASLLEK	59.504
IGEFS4GVVYK	61.096000000000004
ALLSLWY2K	72.13499999999999
IGEKY4GVVYK	43.096500000000006
LVEQA3SCK	30.33
Y2YWYSGPK	53.183
RWN2DDLNNYPK	49.815
ALL2LVYKK	51.015
IGEWTRGVV4K	48.808
ALL2LHYMK	44.217
LLLDMS4ETK	64.475
QRPDL2SSQK	25.125999999999998
QRPDLSS2QK	25.125999999999998
RWNSDDLN4SRK	37.726
4MTRYSGPK	30.976499999999998
YMTR4SGPK	30.976499999999998
RWNSDDLNKY4K	40.876
IGE4TRGVVYK	40.14
LLLDWTVE3K	73.575
RWNSDDLN4SCK	45.635000000000005
ALL2LEYFK	70.49575
4FYQYSGPK	46.518
YFYQ4SGPK	46.518
ALL2LHTMK	49.074
LPDMY4VENK	54.168
NASKGEA2LLEK	36.84
ALL2LRYRK	40.540666666666674
LLLDPY2ETK	52.297666666666665
LLLD2SNETK	46.792
IGEQSVGVV4K	45.273
LLLDRS4ETK	45.445
IGE4YSGVVYK	47.4395
IGEYY2GVVYK	47.4395
TMGHMVILDQ3K	49.805
NRTKGEA2LLEK	32.008
ALL2LHSFK	54.494
IGEMT4GVVYK	55.152
ALLSL4TNK	59.379
LLLDVSKE3K	47.879
LPDHS4VENK	33.7315
IGEHS3GVVYK	34.29900000000001
ALLSLMT4K	67.742
4ATHYSGPK	32.169999999999995
YATH4SGPK	32.169999999999995
QRPDL4YCQK	37.994
ALL2LFSKK	61.045
RWN2DDLNNYWK	53.11
ALL2LCSEK	58.21733333333333
4PYEYSGPK	41.565333333333335
YPYE4SGPK	41.565333333333335
IGEHTWGVV4K	49.67966666666666
NRTVGEA2LLEK	41.863
LPDPT4VENK	45.345
IGEQSFGVV4K	54.07
ALL2LQYEK	53.573499999999996
IGEMSPGVV4K	40.902
NNYWGEA2LLEK	61.847
LLLD2TQETK	46.748000000000005
IGEWYDGVV4K	60.14960000000001
IGEVSFGVV4K	62.907000000000004
Y2SHYSGPK	29.67533333333333
RWNSDDLNFY4K	56.61966666666667
NFTHGEA2LLEK	46.37533333333334
ALL2LVYRK	52.463
LLLDFSPE3K	68.643
LLLDNYFE3K	64.417
RWNSDDLN4YCK	47.141
RWN2DDLNCTRK	35.047
RWNSDDLNFT4K	55.448
RWN2DDLNMYCK	42.747
N2SFGEASLLEK	55.776
QRPDL2YNQK	27.971999999999998
LPDWT2VENK	60.163000000000004
RWN2DDLNMYVK	49.942
N4SNGEASLLEK	48.567
IGEWYRGVV4K	50.1995
ALL2LKSAK	43.413666666666664
ALL2LNYWK	70.50966666666666
RWNSDDLN4THK	37.909
4ESKYSGPK	31.449
YESK4SGPK	31.449
Y4TAYSGPK	42.821999999999996
4PSFYSGPK	53.153999999999996
YPSF4SGPK	53.153999999999996
ALL2LNSAK	51.611999999999995
RWN2DDLNQTEK	35.906
NPTFGEA2LLEK	59.576499999999996
LLLDFYDE3K	68.253
4QYHYSGPK	32.6505
YQYH4SGPK	32.6505
ALL2LETMK	53.174
IGEPYDGVV4K	46.2875
NFYFGEA2LLEK	71.075
Y4SWYSGPK	59.7985
RWN2DDLNHYAK	37.71
NASPGEA2LLEK	45.218999999999994
LPDWY2VENK	56.026
IGE2YSGVVYK	41.132
IGESY2GVVYK	41.132
ALLSL2TFK	64.27
4WSKYSGPK	44.754
YWSK4SGPK	44.754
RWN2DDLNHSFK	40.11866666666666
LPDKS2VENK	30.863000000000003
4VYPYSGPK	41.412
YVYP4SGPK	41.412
IGEKYFGVV4K	49.935
RWN2DDLNWYHK	46.89533333333333
THGHMVILDQ3K	29.5195
NATVGEA2LLEK	49.4765
LLLDMYPE3K	50.805
4VTKYSGPK	33.088
YVTK4SGPK	33.088
ALL2LRYMK	53.164
4FYCYSGPK	51.854
YFYC4SGPK	51.854
IGEVYKGVV4K	38.192
YFGHMVILDQ3K	44.022
LLLDDYNE3K	50.142
N2YDGEASLLEK	46.818000000000005
RWN2DDLNKTDK	31.33
LLLDWTHE3K	59.985
ALL2LFTMK	74.214
Y4YQYSGPK	41.3915
RWN2DDLNESRK	32.619
Y2SPYSGPK	34.434
4NTWYSGPK	50.432500000000005
YNTW4SGPK	50.432500000000005
4RYEYSGPK	33.7325
YRYE4SGPK	33.7325
N3SHGEASLLEK	36.982
ALL2LHYDK	45.86200000000001
IGE2TPGVVYK	41.006
NMYFGEA2LLEK	65.4305
RWN2DDLNPYVK	44.352
LLLDHTAE3K	39.505
4KSDYSGPK	28.271166666666666
YKSD4SGPK	28.271166666666666
RWN2DDLNVSWK	55.983999999999995
YKGHMVILDQ3K	29.0365
IGE4TPGVVYK	49.935
IGEFYWGVV4K	74.19800000000001
IGEHYMGVV4K	44.241
NKSHGEA2LLEK	32.215500000000006
ALLSLKY3K	44.96
IGEPYPGVV4K	46.0555
RWNSDDLN2YAK	39.536
NRSRGEA2LLEK	30.674
RWN2DDLNPYEK	40.751000000000005
IGEETCGVV4K	45.657
4MYKYSGPK	32.422
YMYK4SGPK	32.422
LLLDDS2ETK	49.21
LVEQA3YEK	31.035
4FYKYSGPK	39.03
YFYK4SGPK	39.03
IGEHTRGVV4K	29.03
RWN2DDLNVSHK	36.19
LLLD3YKETK	42.138000000000005
LVEQA4SPK	36.978
LLLD2TSETK	47.302
LLLDST2ETK	47.302
IGEHSRGVV4K	29.068
NESAGEA2LLEK	46.118
NPSWGEA2LLEK	61.085
NVTRGEA2LLEK	40.998000000000005
4HSDYSGPK	28.5435
YHSD4SGPK	28.5435
YVGHMVILDQ3K	36.230875
RWN2DDLNNYVK	45.555
LLLD4YVETK	62.662
LPDRT4VENK	35.756
NKTVGEA2LLEK	41.051
NPTKGEA2LLEK	37.691
NHY4GEASLLEK	45.051
RWN2DDLNNTRK	31.027
RWN2DDLNDSVK	38.4375
4QSHYSGPK	29.9205
YQSH4SGPK	29.9205
ALL2LKSHK	38.06375
IGEWSHGVV4K	47.67666666666667
LLLDWSEE3K	67.738
4HYDYSGPK	33.271499999999996
YHYD4SGPK	33.271499999999996
ALL2LRYAK	45.818999999999996
LPD2SMVENK	42.361000000000004
IGE4YYGVVYK	55.804500000000004
IGEYY4GVVYK	55.804500000000004
NFS2GEASLLEK	54.555
NPYRGEA2LLEK	30.971
4HSMYSGPK	33.718
YHSM4SGPK	33.718
LVEQAHY3K	26.795
RWN2DDLNDTRK	32.414
RWNSDDLNWY3K	52.665
LVEQA2YNK	28.076
ALL2LKTDK	43.273
4AYQYSGPK	37.092
YAYQ4SGPK	37.092
IGEWSMGVV4K	55.547
RWN2DDLNFTCK	53.653
4FYVYSGPK	55.038999999999994
YFYV4SGPK	55.038999999999994
NKT2GEASLLEK	36.786
QRPDLHY2QK	25.314
IGEHTKGVV4K	28.597333333333335
SMGHMVILDQ3K	41.773
NEY4GEASLLEK	53.24666666666667
NVYHGEA2LLEK	40.031499999999994
RWN2DDLNAYEK	40.078
LLLDEYHE3K	42.928333333333335
RWN2DDLNRYPK	35.713
RWN2DDLNKYPK	34.908
LLLDKS4ETK	44.571
NAYAGEA2LLEK	46.659
IGEET3GVVYK	41.733999999999995
LLLDKYME3K	40.266
ALL2LDSCK	56.851000000000006
NDYQGEA2LLEK	46.975
IGEKS4GVVYK	40.205999999999996
NKTRGEA2LLEK	32.206500000000005
LLLDPYCE3K	55.693999999999996
LLLDRYQE3K	40.909
LLLDRTKE3K	34.01766666666666
RWN2DDLNPYNK	39.686
LLLDCSWE3K	69.84899999999999
RWN2DDLNETPK	38.153999999999996
RWN2DDLNDTHK	32.375
LLLDRS2ETK	39.6465
IGEVSHGVV4K	37.296
NVY4GEASLLEK	55.629
LVEQA2SHK	23.3
ALL2LQYVK	59.465999999999994
IGEDYVGVV4K	51.148
IGEWSDGVV4K	56.43933333333334
Y3SKYSGPK	30.866
IGE4TNGVVYK	45.614
4QSWYSGPK	50.952
YQSW4SGPK	50.952
4RSDYSGPK	28.676916666666667
YRSD4SGPK	28.676916666666667
IGEFTQGVV4K	53.632
4MYPYSGPK	43.631
YMYP4SGPK	43.631
LLLD2TFETK	60.486999999999995
IGEFTRGVV4K	46.5075
NFSQGEA2LLEK	54.635
4QYKYSGPK	32.24866666666667
YQYK4SGPK	32.24866666666667
IGEHSCGVV4K	37.181
4WYKYSGPK	41.757666666666665
YWYK4SGPK	41.757666666666665
LVEQAPS4K	37.788
LLLDASWE3K	65.605
LPDWS2VENK	58.1155
NVYFGEA2LLEK	63.873000000000005
4WTNYSGPK	51.882
YWTN4SGPK	51.882
NATFGEA2LLEK	58.205
IGEFYHGVV4K	45.60766666666667
IGEHT3GVVYK	34.393
4DSWYSGPK	52.5745
YDSW4SGPK	52.5745
4HTRYSGPK	25.802
YHTR4SGPK	25.802
RWN2DDLNPYDK	41.3695
RWN2DDLNNYRK	34.698
RWN2DDLNKSDK	31.219
NAYVGEA2LLEK	50.529333333333334
RWN2DDLNHTAK	31.165
IGEMYMGVV4K	54.26
ALL2LNYCK	57.6164
LPDFY2VENK	53.557500000000005
LLLDHTNE3K	38.6635
NPTQGEA2LLEK	44.95
NPYEGEA2LLEK	47.49375
RWN2DDLNVSPK	43.1005
RWNSDDLNQS4K	40.419000000000004
ALL2LQTFK	63.3815
RWN2DDLNVTHK	36.827
NWS4GEASLLEK	63.9615
ALLSL2YPK	56.915
ALL2LKSDK	35.015
NKSRGEA2LLEK	32.228
RWN2DDLNWYPK	55.14200000000001
NWYRGEA2LLEK	50.13433333333333
RWN2DDLNQYEK	38.954
4FSAYSGPK	53.66
YFSA4SGPK	53.66
IGEQYNGVV4K	40.11066666666667
ALLSL4SCK	63.37833333333333
IGEKSKGVV4K	27.765
LPD2TKVENK	29.861666666666668
IGEQYMGVV4K	40.978
ALL2LNTCK	53.547
SWGHMVILDQ3K	48.209
IGEHSMGVV4K	40.8
NKS4GEASLLEK	42.961999999999996
LVEQA3YCK	33.582
LLLDPYQE3K	52.22466666666667
IGERSHGVV4K	29.287
YRT2YSGPK	30.009
NQYVGEA2LLEK	49.847
IGERY4GVVYK	43.78649999999999
ALL2LHTWK	55.503
ALL2LWTNK	71.998
ALL2LRSMK	50.6565
LLLDAT2ETK	49.781
ALL2LVSCK	64.23566666666666
ALL2LDYRK	47.5815
ALLSL2TAK	52.663999999999994
ALL2LCSFK	72.66966666666666
4DYFYSGPK	51.01066666666667
YDYF4SGPK	51.01066666666667
4DYPYSGPK	39.659
YDYP4SGPK	39.659
IGEFYNGVV4K	53.037
LLLDMY2ETK	68.003
RWNSDDLN2YYK	44.408
RWNSDDLNSY4K	44.408
Y4YHYSGPK	36.170500000000004
RWN2DDLNRTPK	33.29066666666667
RWN2DDLNCTKK	34.308
4HYEYSGPK	33.7685
YHYE4SGPK	33.7685
IGEHYCGVV4K	40.42
LLLDDTFE3K	62.177
LVEQA2SMK	32.628
IGEKYRGVV4K	31.834000000000003
RWN2DDLNFYPK	52.513999999999996
4QYEYSGPK	37.751999999999995
YQYE4SGPK	37.751999999999995
RWN2DDLNWSKK	44.394499999999994
LPD2THVENK	28.795333333333335
IGEQYPGVV4K	42.949
ALLSL4TRK	51.01
NQYDGEA2LLEK	46.615
RWN2DDLNWYMK	51.696000000000005
4VYMYSGPK	47.11149999999999
YVYM4SGPK	47.11149999999999
NPYFGEA2LLEK	60.5625
NWTEGEA2LLEK	59.593999999999994
N4TWGEASLLEK	66.45100000000001
IGEDYCGVV4K	48.873000000000005
IGEHTVGVV4K	39.804
LLLDWYQE3K	67.776
NKYVGEA2LLEK	42.672000000000004
NQTPGEA2LLEK	45.4015
IGEPSFGVV4K	57.997
4MYWYSGPK	53.30533333333333
YMYW4SGPK	53.30533333333333
LPD4YYVENK	51.096000000000004
LPDYY4VENK	51.096000000000004
ALL2LDSPK	55.036
IGEAY2GVVYK	41.816
IGEKYMGVV4K	43.376000000000005
N2SKGEASLLEK	36.361999999999995
RWN2DDLNRSEK	32.176
LLLDQSQE3K	45.901
4HYFYSGPK	42.325500000000005
YHYF4SGPK	42.325500000000005
LVEQA4YAK	38.096
LPD4YMVENK	44.6665
IGEEYRGVV4K	37.772
ALL2LMYPK	65.581
ALLSL3YKK	46.288000000000004
IGEHSFGVV4K	47.08233333333333
RWN2DDLNPTKK	33.97
ALLSL2YFK	69.4375
RWN2DDLNKYDK	35.531
IGE4YHGVVYK	40.11033333333334
ALL2LMYVK	59.102
LLLDKYAE3K	42.563
QRPDL4YVQK	39.55
IGEWYHGVV4K	48.952600000000004
NAY4GEASLLEK	52.5385
LLLDVYHE3K	48.817
IGEEYWGVV4K	62.17899999999999
LLLDMTRE3K	41.176
YDT4YSGPK	41.883
IGEHTNGVV4K	32.416
RWN2DDLNNYFK	53.14766666666666
RWN2DDLNQYCK	42.5485
RWN2DDLNKTRK	28.196
4VYEYSGPK	40.3495
YVYE4SGPK	40.3495
YMGHMVILDQ3K	38.36
QRPDLHS4QK	28.31266666666667
IGEDYEGVV4K	45.733999999999995
IGEWYMGVV4K	56.61166666666666
YMT4YSGPK	50.617
IGEPTHGVV4K	35.806
RWN2DDLNHTWK	42.196333333333335
4WYMYSGPK	50.219
YWYM4SGPK	50.219
LLLDNTPE3K	48.678000000000004
NEYPGEA2LLEK	48.462500000000006
LPDQY2VENK	36.695
ALLSL3TKK	44.81100000000001
IGEQTKGVV4K	32.741
IGEMYKGVV4K	34.553000000000004
NHTKGEA2LLEK	32.032
ALL2LVYEK	62.295500000000004
LPD4TFVENK	56.728
IGEESWGVV4K	59.278
IGEQYCGVV4K	46.665000000000006
LLLDAYKE3K	43.012
4RTWYSGPK	42.7115
YRTW4SGPK	42.7115
SMGHMVILDQ3K	38.55
RWN2DDLNETHK	32.562
ALLSLKY4K	51.126000000000005
4KYAYSGPK	32.818000000000005
YKYA4SGPK	32.818000000000005
IGEPYQGVV4K	42.6265
Y3GHMVILDQTK	42.202333333333335
RWN2DDLNVSFK	54.774
NQYEGEA2LLEK	46.398999999999994
ALL2LMSCK	66.565
NFYCGEA2LLEK	60.301
NDSDGEA2LLEK	46.243
RWN2DDLNAYMK	47.846000000000004
NMTKGEA2LLEK	36.715
LLLDWTME3K	74.23400000000001
NHTNGEA2LLEK	37.279
4RSQYSGPK	29.7855
YRSQ4SGPK	29.7855
IGEMSRGVV4K	33.734
NMTHGEA2LLEK	41.971000000000004
RWN2DDLNQYAK	39.559
ALL2LDTKK	44.79
LVEQAHS4K	28.505
LLLDRTQE3K	39.1445
ALL2LFTNK	72.947
ALL2LMTMK	78.307
YKY2YSGPK	32.4505
RWN2DDLNFSPK	51.858999999999995
ALLSLRS3K	43.708999999999996
NVYWGEA2LLEK	66.45
LVEQACY2K	31.8975
4WSCYSGPK	57.20399999999999
YWSC4SGPK	57.20399999999999
LLLDWTKE3K	60.52033333333333
RWNSDDLNPY4K	45.507999999999996
N4SRGEASLLEK	42.114
ALL2LFTRK	63.525499999999994
IGEWTDGVV4K	56.918
LLLDQYHE3K	41.3245
NFSWGEA2LLEK	71.57119999999999
RWN2DDLNRYRK	32.783500000000004
RWNSDDLN4YKK	37.946999999999996
IGERYQGVV4K	35.711
IGEKTRGVV4K	28.85
IGEHY4GVVYK	43.778999999999996
RWNSDDLN4YYK	49.294
RWNSDDLNYY4K	49.294
LLLDDSRE3K	41.8715
LLLDMYWE3K	65.93
LLLDQT4ETK	53.126000000000005
LPDHY2VENK	31.313000000000002
LLLDQYKE3K	40.5835
IGERYMGVV4K	44.001999999999995
ALLSLMS4K	68.843
LLLDRYVE3K	48.293499999999995
RWNSDDLNEY2K	38.872
YMY4YSGPK	48.74433333333334
LLLDDTAE3K	50.213
ALL2LVYMK	71.646
LLLDHYRE3K	37.40533333333334
QRPDL4YHQK	29.120333333333335
ALL2LCSAK	58.550999999999995
IGE4SHGVVYK	39.4255
4ESFYSGPK	48.339
YESF4SGPK	48.339
IGE2YHGVVYK	36.025
Y4SRYSGPK	36.782
IGEFYRGVV4K	46.724
RWN2DDLNVTVK	46.758
IGEHSQGVV4K	33.10733333333334
ALL2LFTPK	76.03233333333333
LPDET4VENK	44.303000000000004
IGE4SPGVVYK	49.055
ALL2LPTRK	48.844
NKTNGEA2LLEK	36.949
RWN2DDLNFSFK	63.016999999999996
4AYHYSGPK	32.8
YAYH4SGPK	32.8
NEYRGEA2LLEK	30.851
IGEPTWGVV4K	61.80733333333333
ALL2LETRK	45.362750000000005
ALL2LPYEK	58.995000000000005
ALL2LETFK	65.04825
ALL2LQTEK	51.859500000000004
IGEKSNGVV4K	32.152
4EYVYSGPK	42.145
YEYV4SGPK	42.145
ALL2LETMK	60.50899999999999
IGENSRGVV4K	33.602
LPD2SHVENK	29.2072
QRPDL4YMQK	41.8585
ALL2LQTMK	58.197
RWN2DDLNAYNK	38.260999999999996
IGEFTFGVV4K	71.243
LLLDDYCE3K	55.6735
ALL2LKYWK	60.479666666666674
ALL2LQSWK	67.692
LVEQA3SQK	27.171
IGEKS2GVVYK	32.548
ALL2LMYFK	79.415
ALLSL4TMK	59.891999999999996
NESRGEA2LLEK	38.846
ALL2LNSCK	55.251000000000005
ALL2LVTWK	75.47399999999999
IGEASAGVV4K	41.778
NNTRGEA2LLEK	29.015
ALLSL4SHK	50.56999999999999
LVEQARY3K	27.176
RWN2DDLNATVK	40.403
NWYAGEA2LLEK	60.081999999999994
IGEDT2GVVYK	40.086
LPDHY4VENK	37.303999999999995
4ATPYSGPK	37.597
YATP4SGPK	37.597
ALL2LQSPK	52.919
4MYFYSGPK	49.236000000000004
YMYF4SGPK	49.236000000000004
NQYPGEA2LLEK	47.118
LPD3THVENK	31.021
IGECSCGVV4K	48.223
LPD4SWVENK	61.156666666666666
Y4YFYSGPK	57.19833333333332
IGE2YDGVVYK	43.003
RWNSDDLNFY2K	50.048
RWN2DDLNRYCK	40.5195
LLLDCSHE3K	44.434000000000005
QRPDL2YQQK	27.746
4PYFYSGPK	55.42066666666667
YPYF4SGPK	55.42066666666667
IGEHSDGVV4K	34.306000000000004
Y2TKYSGPK	28.77
IGEMSHGVV4K	39.834
4HSHYSGPK	25.2985
YHSH4SGPK	25.2985
RWNSDDLNNY4K	44.8095
4DYKYSGPK	33.416
YDYK4SGPK	33.416
NHTWGEA2LLEK	51.8725
LLLDPYNE3K	51.873999999999995
IGEHSEGVV4K	35.441
ALL2LATVK	58.87049999999999
LVEQARS4K	29.254
T4GHMVILDQTK	49.9485
ALLSLKT4K	48.5445
ALL2LDSKK	44.44
ALL2LVTEK	62.101000000000006
4EYEYSGPK	38.70949999999999
YEYE4SGPK	38.70949999999999
ALLSLWT3K	73.742
ALLSLCT2K	57.214
ALLSLET2K	53.291000000000004
LLLDQTHE3K	39.9875
QRPDL2SDQK	25.362333333333336
LLLDATKE3K	42.623999999999995
IGE3YKGVVYK	35.274
LPDFT4VENK	60.39149999999999
ALL2LNYDK	53.532
IGE3SWGVVYK	58.858000000000004
IGERSNGVV4K	33.0075
RWN2DDLNKYWK	48.83133333333333
ALL2LAYWK	73.615
ALLSL2TEK	52.608999999999995
LLLDNYVE3K	55.125
LVEQAFS4K	50.47833333333333
ALL2LNSQK	50.181000000000004
TPGHMVILDQ3K	34.868
LLLDKSHE3K	33.498555555555555
